{"type":"FeatureCollection","features":[{"type":"Feature","properties":{"name":"Україна","name_en":"Ukraine","description":"Державний кордон України (1991)","admin_level":2},"geometry":{"type":"Polygon","coordinates":[[[22.13706,48.4188],[22.13829,48.41459],[22.1428,48.41129],[22.14233,48.40526],[22.14397,48.40384],[22.15526,48.40339],[22.15528,48.40824],[22.15822,48.41062],[22.16825,48.4133],[22.18294,48.4145],[22.19993,48.4237],[22.20739,48.42572],[22.21536,48.42427],[22.22689,48.4142],[22.23441,48.41072],[22.26513,48.40999],[22.26299,48.40221],[22.25682,48.39363],[22.2528,48.39111],[22.24128,48.38896],[22.24017,48.38606],[22.25275,48.37958],[22.25878,48.36992],[22.26728,48.36122],[22.29437,48.35673],[22.29793,48.35477],[22.31782,48.35454],[22.31997,48.34991],[22.31726,48.34482],[22.32022,48.33876],[22.31651,48.33025],[22.31266,48.32641],[22.31454,48.32379],[22.31932,48.32221],[22.31955,48.31859],[22.31829,48.31765],[22.32086,48.31455],[22.33703,48.30751],[22.33766,48.30128],[22.34026,48.29588],[22.33737,48.29241],[22.34069,48.283],[22.33868,48.27903],[22.36031,48.2654],[22.37088,48.24648],[22.36911,48.2451],[22.38475,48.23396],[22.38628,48.23796],[22.39464,48.24119],[22.39632,48.24556],[22.40064,48.2492],[22.41965,48.25058],[22.41984,48.24879],[22.43295,48.24662],[22.42992,48.25099],[22.43284,48.25252],[22.4363,48.25033],[22.4404,48.25021],[22.4473,48.24362],[22.45544,48.24382],[22.45639,48.24231],[22.46203,48.24465],[22.46609,48.24451],[22.46972,48.24734],[22.46998,48.24992],[22.4712,48.24786],[22.48056,48.24969],[22.48798,48.25346],[22.50145,48.24921],[22.49887,48.24669],[22.50349,48.24523],[22.49722,48.23955],[22.51615,48.23797],[22.51629,48.23352],[22.513,48.22969],[22.51361,48.22586],[22.52379,48.21838],[22.52397,48.21651],[22.52985,48.21245],[22.53111,48.20943],[22.53664,48.21056],[22.54389,48.20841],[22.55758,48.19832],[22.57114,48.19614],[22.57184,48.19046],[22.56825,48.18436],[22.56207,48.18463],[22.56139,48.18152],[22.56568,48.17891],[22.56454,48.17701],[22.57247,48.16658],[22.57502,48.15926],[22.57781,48.15811],[22.5829,48.15955],[22.58621,48.15402],[22.58942,48.15101],[22.59221,48.15185],[22.59824,48.14476],[22.58917,48.14188],[22.58814,48.13958],[22.59552,48.13502],[22.59282,48.13218],[22.59262,48.12316],[22.60011,48.11679],[22.5926,48.11312],[22.59028,48.10734],[22.59509,48.10765],[22.60297,48.10382],[22.60948,48.10335],[22.61971,48.10562],[22.61965,48.10389],[22.62329,48.10404],[22.63434,48.09607],[22.65615,48.09567],[22.66503,48.09241],[22.67295,48.0918],[22.67772,48.09273],[22.68577,48.0986],[22.69963,48.10483],[22.70504,48.10981],[22.71472,48.11119],[22.72076,48.11526],[22.73003,48.11497],[22.73472,48.11958],[22.7443,48.11756],[22.75221,48.12041],[22.75649,48.12032],[22.76346,48.11048],[22.77037,48.10891],[22.77781,48.11203],[22.77037,48.11732],[22.7698,48.11959],[22.77163,48.12169],[22.77818,48.12139],[22.79023,48.11663],[22.79396,48.11777],[22.79792,48.12197],[22.80279,48.12193],[22.806,48.12068],[22.80678,48.11876],[22.80149,48.11044],[22.80194,48.10739],[22.80508,48.10617],[22.80989,48.10755],[22.81082,48.11241],[22.81506,48.11798],[22.82417,48.11754],[22.83151,48.10945],[22.83163,48.10614],[22.82785,48.10105],[22.82792,48.09639],[22.83044,48.09368],[22.83437,48.09347],[22.83456,48.08725],[22.83927,48.08522],[22.8363,48.08335],[22.83645,48.08038],[22.84004,48.07935],[22.8443,48.08317],[22.8484,48.08322],[22.85073,48.08015],[22.85665,48.07812],[22.85816,48.07515],[22.86119,48.07429],[22.85959,48.07228],[22.86169,48.07061],[22.85866,48.06864],[22.86163,48.06791],[22.85974,48.06553],[22.86249,48.06437],[22.86346,48.06194],[22.86135,48.05978],[22.86497,48.05923],[22.86108,48.05755],[22.86963,48.05138],[22.87351,48.05175],[22.87193,48.05288],[22.87374,48.05611],[22.87716,48.0543],[22.88141,48.05487],[22.88199,48.05328],[22.88064,48.0363],[22.87283,48.0248],[22.86546,48.0219],[22.86557,48.01203],[22.85806,48.00921],[22.85086,48.00278],[22.84753,48.00252],[22.8363,47.99031],[22.84249,47.98802],[22.8419,47.98619],[22.84407,47.98472],[22.84078,47.98312],[22.84055,47.98106],[22.84686,47.9825],[22.85527,47.98068],[22.85593,47.97891],[22.86022,47.97946],[22.85878,47.97649],[22.86329,47.97781],[22.86181,47.97375],[22.86344,47.97517],[22.8677,47.97433],[22.8664,47.97635],[22.86735,47.97718],[22.87282,47.97491],[22.87352,47.97356],[22.8713,47.97211],[22.87284,47.97024],[22.87133,47.9686],[22.87379,47.9685],[22.87409,47.966],[22.8781,47.96812],[22.87755,47.96686],[22.88025,47.96662],[22.87883,47.96567],[22.8795,47.9635],[22.88543,47.96669],[22.88694,47.96539],[22.893,47.96679],[22.89304,47.963],[22.88964,47.96155],[22.89268,47.96127],[22.89115,47.95668],[22.8965,47.95671],[22.89474,47.95474],[22.89567,47.95417],[22.90124,47.95462],[22.9007,47.95785],[22.90584,47.95701],[22.90564,47.95877],[22.9081,47.96012],[22.90836,47.95804],[22.91071,47.95714],[22.91196,47.95763],[22.91017,47.95848],[22.91107,47.96051],[22.91331,47.95988],[22.91438,47.95724],[22.91693,47.9604],[22.91628,47.95865],[22.91868,47.95681],[22.9199,47.95758],[22.9188,47.95882],[22.92135,47.95814],[22.9201,47.95952],[22.9234,47.96058],[22.92939,47.95917],[22.93693,47.96378],[22.94193,47.96415],[22.94204,47.96571],[22.9477,47.96736],[22.94438,47.96926],[22.94261,47.97245],[22.94335,47.97524],[22.94017,47.98269],[22.94021,47.98832],[22.93757,47.99567],[22.93511,47.99909],[22.92857,47.9996],[22.92285,48.00251],[22.9201,48.00692],[22.9221,48.01021],[22.9217,48.01455],[22.92712,48.01916],[22.94425,48.01668],[22.94566,48.01434],[22.96102,48.00764],[22.96287,48.00914],[22.96264,48.01158],[22.97766,48.00996],[22.9771,48.00687],[22.98677,48.00537],[22.98667,48.00399],[22.99196,48.00317],[22.99265,48.00437],[22.99651,47.99962],[22.99674,47.99597],[23.01074,47.9941],[23.01355,47.99055],[23.01508,47.9918],[23.01765,47.99049],[23.01842,47.99213],[23.02411,47.99179],[23.0301,48.00028],[23.05686,48.00337],[23.06579,48.00781],[23.07458,48.00858],[23.08351,48.00484],[23.09063,48.00585],[23.09222,48.01028],[23.09696,48.01571],[23.09031,48.01651],[23.08952,48.01926],[23.09256,48.02219],[23.1012,48.02596],[23.1091,48.03534],[23.10923,48.03843],[23.10073,48.04108],[23.09803,48.0444],[23.11225,48.0544],[23.10898,48.05867],[23.11236,48.0618],[23.1064,48.06363],[23.10545,48.06599],[23.10986,48.06732],[23.11068,48.06935],[23.11369,48.06946],[23.1179,48.07659],[23.1206,48.07592],[23.12337,48.07737],[23.1216,48.0788],[23.12362,48.08189],[23.11388,48.08714],[23.11812,48.08778],[23.11873,48.09026],[23.12729,48.09219],[23.13028,48.09557],[23.13618,48.09612],[23.13914,48.09455],[23.14072,48.09721],[23.1465,48.09973],[23.15122,48.11268],[23.16558,48.11528],[23.16684,48.11999],[23.17181,48.11785],[23.17445,48.11995],[23.17701,48.11973],[23.18127,48.11733],[23.18186,48.11215],[23.18653,48.1115],[23.18795,48.10931],[23.18777,48.10425],[23.18524,48.10342],[23.18988,48.09961],[23.18955,48.0977],[23.23568,48.09174],[23.24191,48.09416],[23.24625,48.09166],[23.25186,48.10087],[23.26764,48.10008],[23.26936,48.08582],[23.27101,48.08418],[23.28112,48.08184],[23.29102,48.07188],[23.28535,48.07033],[23.28209,48.06433],[23.27654,48.05974],[23.27681,48.05764],[23.27934,48.0567],[23.28415,48.05039],[23.28776,48.04988],[23.28797,48.04679],[23.3032,48.04338],[23.31093,48.04441],[23.32157,48.04167],[23.32604,48.03703],[23.33428,48.03858],[23.33736,48.03738],[23.33754,48.03532],[23.33342,48.03411],[23.32878,48.02399],[23.33325,48.02107],[23.34166,48.01832],[23.34715,48.02072],[23.37547,48.00871],[23.3765,48.00339],[23.38762,48.00439],[23.39488,48.00078],[23.39933,48.00121],[23.40342,47.99896],[23.40165,47.99502],[23.40495,47.99185],[23.41742,47.98665],[23.43358,47.99051],[23.43734,47.98431],[23.43654,47.98301],[23.44624,47.98124],[23.44991,47.97658],[23.46163,47.97381],[23.4792,47.97349],[23.49361,47.96782],[23.50113,47.96871],[23.50422,47.97146],[23.5025,47.97352],[23.50285,47.97678],[23.52173,47.99669],[23.52973,48.02179],[23.54042,48.01049],[23.55397,48.00905],[23.56698,48.00286],[23.57597,48.00463],[23.58534,48.00361],[23.59383,48.00846],[23.60113,48.00601],[23.61436,48.00875],[23.6161,48.0081],[23.61654,48.0041],[23.61795,48.00323],[23.63893,48.00209],[23.6426,47.99985],[23.64563,47.99181],[23.65926,47.98775],[23.66566,47.98351],[23.67326,47.98625],[23.6867,47.98732],[23.70659,47.99387],[23.7133,47.99092],[23.7203,47.99544],[23.731,47.99242],[23.75119,47.99835],[23.75723,47.99188],[23.76456,47.99504],[23.77034,47.99512],[23.78004,47.99279],[23.79,47.98629],[23.79845,47.98657],[23.81911,47.98322],[23.8214,47.97767],[23.8319,47.96809],[23.83585,47.96672],[23.83412,47.96277],[23.84095,47.95907],[23.84171,47.95414],[23.84047,47.95016],[23.84506,47.94227],[23.84809,47.93981],[23.85205,47.93948],[23.859,47.93361],[23.86471,47.93168],[23.88311,47.94381],[23.89047,47.94265],[23.90274,47.94585],[23.92109,47.94573],[23.93131,47.94899],[23.93946,47.9475],[23.94777,47.95469],[23.94983,47.96274],[23.96589,47.96229],[23.96848,47.96635],[23.97662,47.96811],[23.98055,47.96615],[23.97866,47.96184],[23.98002,47.96004],[23.99621,47.9617],[24.0079,47.9675],[24.02494,47.95751],[24.03231,47.94908],[24.05021,47.95332],[24.06196,47.95361],[24.07037,47.94759],[24.09786,47.93704],[24.10037,47.92827],[24.10865,47.91744],[24.1126,47.91475],[24.13038,47.91598],[24.13818,47.91217],[24.1423,47.91221],[24.15034,47.91691],[24.16143,47.91492],[24.16518,47.92012],[24.18134,47.9148],[24.19533,47.91687],[24.20256,47.91091],[24.2136,47.9063],[24.21836,47.90107],[24.21858,47.89755],[24.22127,47.89689],[24.24013,47.90022],[24.25949,47.9071],[24.27876,47.90623],[24.28825,47.90981],[24.29796,47.91136],[24.30395,47.91715],[24.30846,47.91789],[24.31576,47.92299],[24.31925,47.9229],[24.32494,47.92601],[24.33444,47.91782],[24.33879,47.91819],[24.34523,47.9145],[24.34914,47.91519],[24.38168,47.92651],[24.38051,47.93366],[24.38312,47.93993],[24.38642,47.94115],[24.3912,47.94651],[24.39228,47.95282],[24.39403,47.95419],[24.4112,47.96022],[24.41842,47.96046],[24.42841,47.9677],[24.43614,47.97038],[24.44753,47.96399],[24.46432,47.96195],[24.47221,47.96318],[24.48741,47.95588],[24.49585,47.95536],[24.50186,47.95234],[24.50759,47.95185],[24.51239,47.95257],[24.52644,47.96118],[24.53719,47.96172],[24.55255,47.95855],[24.56304,47.96877],[24.57045,47.96883],[24.58005,47.96684],[24.58294,47.96495],[24.58407,47.96076],[24.595,47.95498],[24.59851,47.95004],[24.59589,47.94698],[24.59702,47.94619],[24.60169,47.94524],[24.61084,47.95179],[24.61491,47.95075],[24.62343,47.95177],[24.62848,47.94801],[24.63053,47.94115],[24.63237,47.93981],[24.62978,47.93437],[24.6366,47.92975],[24.63508,47.92451],[24.65167,47.91916],[24.65388,47.91376],[24.65264,47.91067],[24.66103,47.90888],[24.67392,47.8964],[24.67099,47.88967],[24.66735,47.88579],[24.66827,47.8812],[24.66575,47.87642],[24.67073,47.86545],[24.68043,47.86114],[24.68692,47.8563],[24.70231,47.85265],[24.70448,47.85061],[24.70419,47.84297],[24.70607,47.83994],[24.72018,47.83917],[24.73449,47.84393],[24.73924,47.8412],[24.74074,47.83701],[24.75281,47.82975],[24.75843,47.83714],[24.76533,47.83945],[24.77819,47.83688],[24.77855,47.83161],[24.78397,47.82342],[24.79427,47.82476],[24.80117,47.82287],[24.82773,47.82074],[24.8281,47.81827],[24.82306,47.81283],[24.82389,47.81104],[24.82166,47.80608],[24.83531,47.79572],[24.83749,47.78651],[24.83624,47.77969],[24.85126,47.77492],[24.85481,47.77087],[24.85527,47.76575],[24.87836,47.75266],[24.87753,47.74878],[24.88054,47.74594],[24.88119,47.7391],[24.88609,47.73388],[24.88315,47.72437],[24.9471,47.72923],[24.98257,47.72949],[24.99666,47.72515],[25.00147,47.72679],[25.00172,47.72983],[25.00729,47.7344],[25.01724,47.73079],[25.02599,47.73126],[25.02951,47.7277],[25.03975,47.72534],[25.04161,47.72669],[25.04315,47.73182],[25.05459,47.74583],[25.06475,47.74048],[25.07674,47.74542],[25.08262,47.74513],[25.0896,47.74908],[25.09764,47.74923],[25.1033,47.75291],[25.11558,47.75483],[25.11629,47.76813],[25.13461,47.78242],[25.14139,47.7856],[25.14858,47.79178],[25.15293,47.78919],[25.16406,47.79015],[25.17097,47.79631],[25.17013,47.80487],[25.16692,47.80888],[25.17747,47.81404],[25.17682,47.81584],[25.17907,47.81656],[25.18083,47.82073],[25.18032,47.82593],[25.18374,47.82864],[25.18962,47.82976],[25.19135,47.83266],[25.19775,47.83402],[25.1971,47.83603],[25.19934,47.83876],[25.20251,47.83952],[25.2024,47.84291],[25.1995,47.84522],[25.20005,47.84937],[25.20437,47.8503],[25.20529,47.8532],[25.22201,47.85882],[25.22237,47.86966],[25.22454,47.87297],[25.22163,47.88218],[25.2251,47.88354],[25.22989,47.89279],[25.23894,47.89586],[25.24512,47.89364],[25.25218,47.895],[25.25769,47.89188],[25.26384,47.8943],[25.26977,47.89231],[25.31113,47.91429],[25.34069,47.91412],[25.49519,47.93222],[25.5345,47.93592],[25.59232,47.93844],[25.62554,47.94879],[25.65639,47.94943],[25.68538,47.9439],[25.68785,47.94515],[25.68752,47.94629],[25.69133,47.94404],[25.69797,47.94544],[25.70589,47.94357],[25.70901,47.94128],[25.71684,47.94084],[25.7206,47.94439],[25.73334,47.94567],[25.73845,47.94164],[25.77499,47.93945],[25.81842,47.95396],[25.82636,47.96378],[25.85036,47.96915],[25.86119,47.97037],[25.88003,47.96321],[25.89204,47.96121],[25.90771,47.96475],[25.915,47.97752],[25.94062,47.97583],[25.9446,47.97305],[25.95218,47.97092],[26.06113,47.98802],[26.10097,47.97826],[26.11781,47.98223],[26.12662,47.98774],[26.13708,47.98419],[26.18437,47.99466],[26.19903,48.00772],[26.20803,48.02898],[26.21226,48.05089],[26.23203,48.06146],[26.26674,48.07667],[26.27403,48.08409],[26.27349,48.08635],[26.27533,48.08744],[26.27775,48.09517],[26.28251,48.10077],[26.28747,48.1185],[26.29815,48.13373],[26.31666,48.14887],[26.32798,48.15295],[26.33417,48.15949],[26.33356,48.16646],[26.32777,48.17597],[26.32879,48.18054],[26.33374,48.1851],[26.33659,48.18318],[26.34751,48.18273],[26.3504,48.18483],[26.34886,48.19112],[26.35036,48.19162],[26.35376,48.19066],[26.35642,48.18532],[26.36139,48.18525],[26.36809,48.19032],[26.374,48.19223],[26.37189,48.19689],[26.37712,48.19887],[26.38639,48.1943],[26.38471,48.19218],[26.37858,48.19104],[26.3788,48.18871],[26.38148,48.18693],[26.38977,48.18735],[26.39844,48.1904],[26.40456,48.18944],[26.4182,48.19748],[26.42295,48.20219],[26.43308,48.19979],[26.43919,48.20458],[26.44771,48.20372],[26.45408,48.2049],[26.46271,48.20984],[26.4603,48.21563],[26.46593,48.21547],[26.474,48.21776],[26.47687,48.21732],[26.48001,48.21351],[26.48848,48.21525],[26.49226,48.21847],[26.50514,48.21604],[26.51784,48.20978],[26.52007,48.21018],[26.52186,48.21353],[26.52502,48.21372],[26.52906,48.20994],[26.53252,48.21004],[26.53841,48.21451],[26.54594,48.21499],[26.55088,48.21703],[26.55132,48.21852],[26.5475,48.22361],[26.54963,48.22533],[26.55368,48.22532],[26.56132,48.22101],[26.572,48.21941],[26.57291,48.22464],[26.5689,48.23241],[26.57142,48.23439],[26.57369,48.24084],[26.58364,48.24407],[26.58644,48.24646],[26.58856,48.24663],[26.59418,48.24025],[26.60031,48.23786],[26.6089,48.241],[26.62206,48.24091],[26.62303,48.24301],[26.61715,48.24584],[26.61474,48.25133],[26.62024,48.25237],[26.6247,48.24762],[26.62914,48.24719],[26.63096,48.25179],[26.63023,48.25963],[26.61641,48.27415],[26.64164,48.28993],[26.64959,48.29813],[26.65019,48.30074],[26.64832,48.30489],[26.6758,48.31716],[26.67564,48.32486],[26.69594,48.32721],[26.68991,48.34472],[26.68263,48.35557],[26.69453,48.35995],[26.70227,48.35056],[26.70878,48.34584],[26.7326,48.32129],[26.73677,48.31292],[26.74457,48.31552],[26.75773,48.32369],[26.76112,48.31878],[26.7613,48.31298],[26.76694,48.30236],[26.7823,48.29783],[26.79457,48.2912],[26.81736,48.29524],[26.82149,48.30107],[26.82572,48.30403],[26.82249,48.31166],[26.83102,48.31301],[26.83051,48.31516],[26.82592,48.3166],[26.82327,48.31951],[26.82273,48.32436],[26.82701,48.32471],[26.82412,48.34442],[26.80786,48.35169],[26.79801,48.34578],[26.79599,48.34296],[26.77493,48.35204],[26.76492,48.35369],[26.76082,48.36067],[26.75353,48.36545],[26.73944,48.37992],[26.70921,48.4054],[26.72515,48.41168],[26.75366,48.39894],[26.76461,48.40824],[26.76826,48.4072],[26.77527,48.41842],[26.78844,48.41927],[26.8515,48.41318],[26.86766,48.41749],[26.8706,48.42019],[26.87285,48.41967],[26.88142,48.41578],[26.88995,48.40954],[26.89212,48.40539],[26.90131,48.39698],[26.89828,48.39478],[26.8946,48.38358],[26.93176,48.36333],[26.93356,48.36432],[26.93075,48.36892],[26.93101,48.37222],[26.9953,48.35946],[27.00039,48.36503],[27.00206,48.36421],[27.001,48.37766],[27.00485,48.38034],[27.0281,48.38267],[27.04583,48.37428],[27.04668,48.37639],[27.04993,48.38765],[27.04603,48.39101],[27.04484,48.40234],[27.03688,48.40682],[27.04004,48.41085],[27.0265,48.41797],[27.02279,48.41757],[27.01348,48.42038],[27.01212,48.42304],[27.01441,48.42507],[27.03015,48.42713],[27.03707,48.42348],[27.05184,48.42603],[27.06226,48.42132],[27.06432,48.42236],[27.06547,48.42929],[27.0694,48.43081],[27.06917,48.43244],[27.08477,48.43467],[27.08745,48.41291],[27.10391,48.3995],[27.12415,48.37909],[27.13914,48.37449],[27.15534,48.37783],[27.1602,48.3805],[27.16109,48.37881],[27.16852,48.38096],[27.19233,48.39487],[27.20029,48.38908],[27.21315,48.3911],[27.23566,48.37299],[27.24982,48.37546],[27.26377,48.38036],[27.28621,48.37156],[27.29751,48.40984],[27.31407,48.42282],[27.31154,48.42868],[27.31559,48.43346],[27.31972,48.44361],[27.33749,48.44099],[27.33855,48.4422],[27.33522,48.44387],[27.33871,48.44789],[27.35352,48.4405],[27.34973,48.4467],[27.35325,48.4491],[27.36516,48.442],[27.37352,48.44173],[27.37695,48.43162],[27.37837,48.41532],[27.38386,48.4106],[27.38793,48.40991],[27.39727,48.41279],[27.40594,48.41064],[27.41725,48.41366],[27.44677,48.40905],[27.4621,48.43354],[27.46525,48.44728],[27.46738,48.44909],[27.49155,48.45833],[27.505,48.4555],[27.52632,48.46458],[27.52963,48.46926],[27.54514,48.47427],[27.56118,48.48303],[27.57954,48.49043],[27.58652,48.49199],[27.59663,48.49145],[27.60223,48.48941],[27.60469,48.48499],[27.5891,48.46565],[27.59126,48.46117],[27.64361,48.44182],[27.6646,48.43995],[27.68301,48.44073],[27.71013,48.45065],[27.74742,48.45808],[27.76224,48.4562],[27.77325,48.45033],[27.78633,48.44659],[27.79752,48.43845],[27.80929,48.43236],[27.81525,48.4268],[27.82003,48.4194],[27.84902,48.41391],[27.8717,48.40548],[27.88072,48.39335],[27.87828,48.38782],[27.87892,48.37914],[27.88211,48.37301],[27.88814,48.36708],[27.89407,48.36175],[27.91589,48.34821],[27.93948,48.3373],[27.95441,48.32814],[27.96416,48.32499],[27.97145,48.32444],[28.04178,48.32603],[28.05887,48.32316],[28.07055,48.31926],[28.08547,48.30726],[28.09343,48.29368],[28.08854,48.27211],[28.08101,48.25608],[28.07931,48.24614],[28.08266,48.2378],[28.0904,48.23414],[28.10456,48.23087],[28.12879,48.24112],[28.13899,48.2486],[28.14068,48.2591],[28.14449,48.26262],[28.15823,48.26171],[28.17771,48.25702],[28.18239,48.25534],[28.18683,48.25123],[28.18201,48.24],[28.18612,48.21616],[28.19272,48.21004],[28.20304,48.20548],[28.20833,48.20476],[28.21931,48.20616],[28.23165,48.20994],[28.27213,48.22819],[28.28464,48.23133],[28.30317,48.24143],[28.31026,48.24052],[28.31422,48.2352],[28.3217,48.23304],[28.32795,48.23545],[28.33125,48.24038],[28.34191,48.24645],[28.34778,48.24745],[28.35475,48.24557],[28.36085,48.24135],[28.36736,48.22996],[28.36999,48.22144],[28.36841,48.20597],[28.36238,48.19539],[28.36183,48.19113],[28.34892,48.17906],[28.31466,48.16521],[28.30742,48.16058],[28.30574,48.15823],[28.30718,48.14945],[28.30504,48.14378],[28.30587,48.14031],[28.32212,48.13276],[28.33659,48.13314],[28.34926,48.13569],[28.35624,48.1391],[28.36064,48.14362],[28.36699,48.15371],[28.37161,48.16505],[28.38316,48.1751],[28.41153,48.17755],[28.42837,48.17239],[28.43522,48.16513],[28.43616,48.15417],[28.43988,48.14448],[28.43865,48.14146],[28.42336,48.13127],[28.42128,48.125],[28.42185,48.1214],[28.43417,48.11169],[28.43699,48.09762],[28.4441,48.09131],[28.45259,48.07975],[28.46146,48.07475],[28.47953,48.07136],[28.49084,48.06584],[28.49814,48.06557],[28.50105,48.06767],[28.50021,48.06967],[28.49392,48.07232],[28.49152,48.07627],[28.49194,48.07959],[28.49732,48.08844],[28.49423,48.09969],[28.49617,48.10429],[28.49608,48.11154],[28.49812,48.11469],[28.49147,48.11931],[28.50021,48.12119],[28.49943,48.12758],[28.52114,48.13826],[28.50294,48.15079],[28.52972,48.15327],[28.53005,48.15532],[28.53438,48.15779],[28.53503,48.16075],[28.54324,48.16529],[28.54496,48.16937],[28.55728,48.17143],[28.56451,48.17517],[28.5705,48.17625],[28.57735,48.18245],[28.57845,48.18128],[28.57648,48.17957],[28.57775,48.17782],[28.57594,48.1769],[28.57609,48.17452],[28.57381,48.17563],[28.57055,48.1741],[28.57936,48.16663],[28.59192,48.17329],[28.61138,48.15708],[28.61459,48.15959],[28.63077,48.15325],[28.63536,48.15506],[28.64913,48.152],[28.6475,48.14329],[28.68209,48.14679],[28.67764,48.14279],[28.6803,48.13461],[28.68779,48.12463],[28.70653,48.12958],[28.72182,48.12613],[28.73565,48.13336],[28.75464,48.13611],[28.77187,48.12482],[28.79466,48.12626],[28.79484,48.12957],[28.79977,48.12995],[28.80648,48.13455],[28.81393,48.1243],[28.83349,48.12881],[28.83728,48.12385],[28.84112,48.12554],[28.84733,48.11537],[28.85527,48.10822],[28.85755,48.10286],[28.84772,48.07873],[28.83993,48.07849],[28.83342,48.07285],[28.83651,48.07125],[28.84257,48.07502],[28.8497,48.0705],[28.84381,48.06566],[28.85203,48.06086],[28.84705,48.04772],[28.83945,48.03495],[28.85586,48.02705],[28.8568,48.01977],[28.86416,48.02109],[28.88307,48.01035],[28.89029,48.014],[28.90189,48.01256],[28.90099,48.01024],[28.89487,48.00958],[28.89011,48.01183],[28.88422,48.00814],[28.88732,48.00614],[28.88502,48.00378],[28.87766,48.00081],[28.92585,47.96014],[28.9616,47.97919],[28.97834,47.97135],[28.99448,47.96135],[29.0003,47.96219],[29.00175,47.95809],[29.01247,47.95625],[29.02513,47.94618],[29.03263,47.94264],[29.03684,47.94788],[29.05222,47.94274],[29.07376,47.9439],[29.08675,47.94667],[29.08465,47.95944],[29.07861,47.96753],[29.07805,47.97029],[29.07947,47.97143],[29.08224,47.97162],[29.0874,47.96806],[29.09104,47.96833],[29.09531,47.95977],[29.09812,47.96013],[29.09651,47.97331],[29.09254,47.9731],[29.08774,47.9767],[29.0853,47.97551],[29.08407,47.97733],[29.08975,47.98127],[29.09195,47.98023],[29.09289,47.98307],[29.10203,47.98292],[29.10221,47.98167],[29.10898,47.98411],[29.131,47.98236],[29.12983,47.98648],[29.12401,47.9884],[29.12487,47.99367],[29.17532,47.99378],[29.18047,47.96422],[29.1853,47.96449],[29.19264,47.92013],[29.20064,47.88437],[29.2132,47.88577],[29.21621,47.89607],[29.22355,47.89109],[29.22228,47.88913],[29.21698,47.88848],[29.21585,47.88596],[29.27161,47.89025],[29.28127,47.88843],[29.2778,47.88649],[29.27386,47.87969],[29.26896,47.87881],[29.26706,47.8752],[29.24313,47.86734],[29.23603,47.86253],[29.23538,47.85895],[29.22734,47.85644],[29.21479,47.84064],[29.21049,47.83985],[29.20732,47.83684],[29.19842,47.81984],[29.21931,47.79843],[29.2327,47.79741],[29.24709,47.81094],[29.27613,47.80371],[29.24861,47.75134],[29.21523,47.7387],[29.20436,47.71907],[29.22267,47.69755],[29.22041,47.69657],[29.23111,47.68376],[29.21955,47.68204],[29.21961,47.65807],[29.20982,47.65799],[29.20939,47.6423],[29.23396,47.64259],[29.22315,47.63495],[29.2192,47.62698],[29.21389,47.62581],[29.20961,47.62858],[29.21766,47.61229],[29.20071,47.60243],[29.20355,47.59798],[29.19941,47.59383],[29.19212,47.59193],[29.1907,47.58896],[29.18597,47.58575],[29.18865,47.58359],[29.18858,47.58151],[29.18492,47.57823],[29.18466,47.57196],[29.171,47.56757],[29.16666,47.57125],[29.11695,47.55442],[29.15154,47.50655],[29.18505,47.51881],[29.18967,47.51397],[29.18486,47.51133],[29.18555,47.50524],[29.18239,47.49592],[29.18283,47.49316],[29.19057,47.48975],[29.19229,47.48738],[29.19005,47.48368],[29.18686,47.48282],[29.18363,47.47907],[29.18768,47.47535],[29.15756,47.45923],[29.16221,47.45267],[29.18279,47.46362],[29.18637,47.46753],[29.18938,47.46721],[29.18893,47.4631],[29.19302,47.45954],[29.18219,47.44907],[29.18829,47.4389],[29.18339,47.436],[29.18518,47.43118],[29.19097,47.42506],[29.24235,47.46197],[29.24375,47.41531],[29.25129,47.41609],[29.25363,47.41852],[29.25336,47.42262],[29.27257,47.43466],[29.27706,47.43632],[29.28919,47.43687],[29.2908,47.43999],[29.30449,47.44285],[29.30869,47.44667],[29.31749,47.4492],[29.33738,47.37041],[29.36163,47.37341],[29.36132,47.3756],[29.39072,47.37976],[29.39801,47.35364],[29.38374,47.34515],[29.39836,47.30047],[29.4237,47.30478],[29.42705,47.29215],[29.44621,47.29459],[29.44505,47.29979],[29.48572,47.30588],[29.48425,47.32101],[29.48602,47.3223],[29.48372,47.32643],[29.48314,47.33235],[29.49132,47.33295],[29.49344,47.33772],[29.48733,47.33982],[29.49075,47.34795],[29.48643,47.35005],[29.48765,47.35586],[29.4938,47.35591],[29.49766,47.35853],[29.51756,47.36459],[29.57406,47.37047],[29.5817,47.34159],[29.59869,47.25739],[29.55211,47.25139],[29.57992,47.13576],[29.50548,47.1284],[29.49475,47.13152],[29.49927,47.10918],[29.51563,47.11256],[29.52995,47.08189],[29.5302,47.07545],[29.54973,47.0759],[29.54763,47.09366],[29.61213,47.1001],[29.61292,47.09824],[29.62868,47.04473],[29.60248,47.04163],[29.59579,46.96357],[29.55741,46.95809],[29.57209,46.94025],[29.63965,46.95518],[29.64792,46.91943],[29.70053,46.92489],[29.70985,46.92467],[29.70889,46.92834],[29.71806,46.93212],[29.72121,46.91833],[29.73104,46.9193],[29.74953,46.86107],[29.84885,46.87545],[29.84679,46.88204],[29.88407,46.88613],[29.89222,46.85362],[29.88418,46.85124],[29.88446,46.84937],[29.90513,46.82028],[29.93003,46.8284],[29.92555,46.83476],[29.94774,46.84222],[29.95196,46.84202],[29.96128,46.83483],[29.96852,46.83217],[29.97213,46.82402],[29.97993,46.81971],[29.97881,46.8162],[29.96158,46.81757],[29.93517,46.80578],[29.94349,46.797],[29.94228,46.79581],[29.95445,46.78534],[29.96589,46.77173],[29.96629,46.75608],[29.97523,46.75391],[29.9681,46.73025],[29.9685,46.71784],[29.96663,46.71131],[29.97068,46.68851],[29.96837,46.68422],[29.95857,46.67864],[29.95548,46.66147],[29.95314,46.6571],[29.94742,46.65207],[29.94587,46.64819],[29.94674,46.64454],[29.95413,46.63436],[29.95466,46.61963],[29.96242,46.60446],[29.9683,46.59842],[29.96328,46.58376],[29.94654,46.58737],[29.9455,46.58528],[29.93617,46.58909],[29.93794,46.5837],[29.93514,46.57986],[29.93899,46.56835],[29.94856,46.56878],[29.94694,46.56598],[29.94259,46.56543],[29.9419,46.56139],[29.93985,46.55928],[29.94853,46.56115],[29.94546,46.55786],[29.94519,46.55525],[29.93816,46.55557],[29.87597,46.54671],[29.87999,46.54183],[29.88537,46.54698],[29.88829,46.5471],[29.89351,46.53949],[29.90256,46.5325],[29.89544,46.53042],[29.89588,46.5273],[29.91352,46.52159],[29.91129,46.51895],[29.90522,46.51691],[29.90634,46.51432],[29.9114,46.51269],[29.92792,46.51291],[29.92786,46.51052],[29.92323,46.50485],[29.92389,46.50347],[29.93356,46.50078],[29.94376,46.50176],[29.9431,46.50002],[29.93508,46.49592],[29.93717,46.49376],[29.94441,46.49448],[29.95177,46.4976],[29.95647,46.50201],[29.95797,46.50939],[29.9615,46.51],[29.965,46.50768],[29.9647,46.505],[29.9529,46.4904],[29.96083,46.49063],[29.96676,46.49441],[29.97089,46.50159],[29.98282,46.49918],[29.98355,46.50895],[29.98676,46.51019],[29.99245,46.50097],[29.98747,46.49577],[29.98769,46.49385],[29.99938,46.49672],[30.00109,46.49581],[29.98989,46.48639],[29.98987,46.48112],[29.99502,46.47341],[30.00129,46.47064],[30.01998,46.4715],[30.0233,46.46878],[30.02117,46.46534],[29.99682,46.46456],[29.99432,46.46393],[29.99411,46.46199],[30.00822,46.45352],[30.01751,46.45521],[30.02507,46.45369],[30.02654,46.45186],[30.02206,46.44469],[30.02257,46.44209],[30.04601,46.44363],[30.06417,46.44291],[30.065,46.44181],[30.06367,46.44009],[30.05519,46.43501],[30.05699,46.42727],[30.0784,46.4239],[30.07974,46.42485],[30.07928,46.433],[30.08248,46.43491],[30.08783,46.43328],[30.09242,46.42574],[30.09752,46.4267],[30.09845,46.42898],[30.0973,46.43207],[30.0898,46.43863],[30.09572,46.44007],[30.10056,46.43655],[30.10539,46.42767],[30.11238,46.43148],[30.12444,46.42566],[30.13524,46.41737],[30.13545,46.41579],[30.12986,46.41316],[30.13428,46.41102],[30.14596,46.41442],[30.14853,46.41798],[30.14991,46.4279],[30.157,46.42907],[30.16058,46.42666],[30.1613,46.41542],[30.16371,46.41353],[30.10687,46.39134],[30.09724,46.37518],[30.09296,46.37903],[30.09142,46.38293],[30.07054,46.39699],[30.05778,46.39856],[30.02116,46.38308],[29.99725,46.38975],[29.98787,46.38409],[29.93918,46.40047],[29.88697,46.37168],[29.89114,46.35239],[29.80523,46.38564],[29.82314,46.39576],[29.79764,46.41633],[29.79405,46.41426],[29.78682,46.41993],[29.78968,46.42209],[29.77639,46.45458],[29.76778,46.45308],[29.74954,46.47013],[29.74129,46.47298],[29.72679,46.46683],[29.74222,46.44362],[29.73116,46.43999],[29.73464,46.435],[29.68583,46.426],[29.68548,46.43205],[29.68182,46.43132],[29.67882,46.44167],[29.6603,46.43598],[29.67876,46.36135],[29.60335,46.35367],[29.60054,46.36285],[29.58031,46.3609],[29.56613,46.41648],[29.50602,46.42327],[29.49705,46.42923],[29.49468,46.4281],[29.48829,46.43788],[29.48431,46.44741],[29.50246,46.46129],[29.44846,46.49865],[29.38672,46.44662],[29.39919,46.42606],[29.39618,46.42521],[29.37628,46.45808],[29.37835,46.46007],[29.35128,46.5042],[29.33156,46.49591],[29.3383,46.48246],[29.33248,46.47886],[29.33651,46.47399],[29.3078,46.46488],[29.31076,46.46242],[29.31215,46.45683],[29.31858,46.44766],[29.30601,46.4443],[29.3241,46.41482],[29.30276,46.40826],[29.29625,46.41724],[29.26508,46.40653],[29.26396,46.40579],[29.26776,46.4019],[29.26263,46.39935],[29.26778,46.39369],[29.24071,46.37618],[29.20786,46.38465],[29.20676,46.38632],[29.2468,46.41661],[29.24335,46.42041],[29.23204,46.42691],[29.22758,46.43188],[29.2318,46.43345],[29.22994,46.4363],[29.22954,46.45829],[29.21967,46.46361],[29.25521,46.48544],[29.2494,46.50021],[29.24092,46.49904],[29.23583,46.55829],[29.16186,46.54447],[29.16349,46.51542],[29.06291,46.51259],[29.06324,46.50701],[29.0387,46.50588],[29.039,46.4938],[29.03332,46.49319],[29.03348,46.49075],[28.98135,46.48905],[28.97776,46.48127],[28.98406,46.47789],[28.98921,46.47809],[28.98908,46.47929],[29.02332,46.48016],[29.02548,46.46229],[28.93086,46.45774],[28.9373,46.45185],[28.9415,46.43092],[28.9673,46.37478],[28.98672,46.34306],[28.9906,46.34565],[28.99695,46.32767],[28.99715,46.32047],[29.00353,46.31667],[28.99706,46.31581],[28.98534,46.31831],[28.9542,46.26715],[28.95228,46.25945],[29.06711,46.1955],[28.95046,46.09373],[29.00555,46.04935],[28.979,46.00347],[28.77636,45.97059],[28.77956,45.96043],[28.75672,45.95716],[28.76353,45.93454],[28.76151,45.92919],[28.75438,45.92874],[28.78596,45.8323],[28.69701,45.81787],[28.70936,45.77991],[28.62479,45.76639],[28.59232,45.77202],[28.58572,45.77266],[28.58111,45.77075],[28.58084,45.76878],[28.59082,45.75471],[28.59453,45.74123],[28.59482,45.73588],[28.58909,45.72919],[28.5628,45.72552],[28.55455,45.73632],[28.53431,45.73303],[28.52363,45.7376],[28.51984,45.73696],[28.50544,45.70095],[28.49651,45.69213],[28.48372,45.68405],[28.48086,45.67816],[28.48642,45.66042],[28.51584,45.66532],[28.54421,45.58003],[28.4913,45.57113],[28.51519,45.49988],[28.43323,45.48617],[28.42058,45.48535],[28.4194,45.5037],[28.42078,45.51266],[28.3048,45.54691],[28.25669,45.51653],[28.24797,45.50747],[28.21465,45.47062],[28.21394,45.46719],[28.26048,45.45633],[28.26775,45.45338],[28.28067,45.44407],[28.28672,45.43335],[28.28688,45.4259],[28.28408,45.41234],[28.28535,45.39962],[28.30232,45.379],[28.33148,45.33623],[28.34196,45.32502],[28.34903,45.3204],[28.38874,45.30724],[28.49574,45.27506],[28.53174,45.26269],[28.56123,45.25009],[28.57867,45.24722],[28.64248,45.24298],[28.6693,45.2367],[28.69652,45.22611],[28.71389,45.22363],[28.74984,45.23448],[28.78124,45.23761],[28.78846,45.23974],[28.79259,45.24348],[28.79157,45.25396],[28.7853,45.25885],[28.78015,45.26055],[28.77373,45.26031],[28.76362,45.26422],[28.75434,45.27573],[28.75203,45.28408],[28.75465,45.28793],[28.75944,45.29027],[28.78311,45.29079],[28.79339,45.29313],[28.80326,45.3031],[28.80536,45.30672],[28.80526,45.31149],[28.79984,45.31501],[28.78225,45.3209],[28.78054,45.32305],[28.78158,45.3273],[28.79618,45.33473],[28.80559,45.3365],[28.81647,45.33625],[28.8229,45.33389],[28.83494,45.32336],[28.84592,45.31728],[28.85388,45.31582],[28.86737,45.31738],[28.8742,45.31607],[28.91469,45.2874],[28.93162,45.28098],[28.94188,45.2805],[28.94732,45.28222],[28.95213,45.28628],[28.95446,45.29144],[28.95467,45.29679],[28.94873,45.30803],[28.94909,45.31122],[28.95718,45.32309],[28.96588,45.33098],[28.98873,45.33335],[29.00853,45.34453],[29.03013,45.35245],[29.0418,45.35978],[29.05804,45.35992],[29.07338,45.36652],[29.08275,45.37333],[29.10455,45.37435],[29.12083,45.38204],[29.13967,45.38541],[29.16742,45.39433],[29.17895,45.40002],[29.18727,45.41177],[29.20325,45.41681],[29.21049,45.41753],[29.22437,45.42274],[29.23815,45.43271],[29.25109,45.43353],[29.25813,45.43261],[29.27296,45.42735],[29.29074,45.42746],[29.30352,45.43311],[29.31759,45.4455],[29.32668,45.44837],[29.33588,45.44695],[29.34787,45.43898],[29.36354,45.4362],[29.38189,45.43947],[29.39431,45.43585],[29.41476,45.44154],[29.42973,45.44258],[29.44041,45.43379],[29.46195,45.42829],[29.47399,45.42318],[29.55075,45.40887],[29.59281,45.38779],[29.63133,45.35344],[29.65093,45.33962],[29.65667,45.33296],[29.66955,45.30751],[29.67081,45.29314],[29.67586,45.28048],[29.67855,45.26824],[29.66351,45.25966],[29.65972,45.25012],[29.66219,45.23894],[29.66851,45.22883],[29.67145,45.21979],[29.68908,45.20364],[29.68833,45.19644],[29.69064,45.19172],[29.95207,45.16967],[29.97187,45.13957],[29.99562,45.1144],[30.02233,45.09745],[30.0598,45.08035],[30.09347,45.06863],[30.12902,45.06011],[30.16583,45.05493],[30.20329,45.0532],[30.24075,45.05493],[30.27757,45.06011],[30.31311,45.06863],[30.34678,45.08035],[30.37799,45.09508],[30.40621,45.11255],[30.43096,45.13246],[30.45182,45.15448],[30.46842,45.17821],[30.48049,45.20326],[30.48781,45.2292],[30.49026,45.25557],[30.48781,45.28193],[30.48049,45.30783],[30.46842,45.33283],[30.45182,45.35649],[30.43096,45.37842],[30.40621,45.39824],[30.37799,45.41561],[30.34678,45.43025],[30.31311,45.4419],[30.27757,45.45037],[30.24075,45.4555],[30.20329,45.45723],[30.16583,45.4555],[30.12902,45.45037],[30.09347,45.4419],[30.07302,45.43482],[30.07473,45.46203],[30.07359,45.47597],[30.06634,45.50587],[30.09651,45.52161],[30.12511,45.54124],[30.17637,45.55946],[30.20835,45.57605],[30.2368,45.59553],[30.26134,45.6177],[30.30245,45.63807],[30.3309,45.65753],[30.34455,45.66911],[30.39051,45.6885],[30.4208,45.70654],[30.43455,45.7166],[30.45895,45.73855],[30.46948,45.75035],[30.48465,45.77169],[30.51774,45.79367],[30.54214,45.8156],[30.56202,45.83963],[30.57226,45.85627],[30.60366,45.87729],[30.62806,45.89918],[30.64794,45.92318],[30.65608,45.93582],[30.66759,45.95986],[30.71916,45.97804],[30.73555,45.98589],[30.76584,46.00384],[30.77959,46.01385],[30.80399,46.03569],[30.82767,46.06551],[30.8657,46.08445],[30.8804,46.09376],[30.90689,46.11437],[30.92908,46.13727],[30.94657,46.16204],[30.95344,46.17499],[30.96328,46.20169],[30.96784,46.23262],[30.98946,46.25207],[31,46.26376],[31.01748,46.28847],[31.02994,46.31459],[31.03713,46.34163],[31.03878,46.36018],[31.04744,46.37686],[31.07666,46.38178],[31.11385,46.39157],[31.1591,46.40968],[31.19987,46.4044],[31.23727,46.40318],[31.23357,46.38715],[31.23178,46.35972],[31.23542,46.33235],[31.23958,46.31802],[31.2386,46.29756],[31.23974,46.28382],[31.24224,46.27017],[31.25124,46.24336],[31.26544,46.21763],[31.28457,46.19347],[31.29587,46.18212],[31.3217,46.16115],[31.34363,46.14729],[31.36555,46.12693],[31.39339,46.1072],[31.4087,46.09837],[31.44174,46.08298],[31.4962,46.06608],[31.53675,46.05905],[31.56025,46.05],[31.59712,46.03958],[31.63569,46.03275],[31.68021,46.02958],[31.70622,46.02254],[31.74479,46.0157],[31.80363,46.01243],[31.84535,46.00256],[31.89249,45.99713],[31.91074,45.99033],[31.94761,45.97991],[31.99854,45.97179],[32.02394,45.9619],[32.06081,45.95147],[32.09938,45.94462],[32.14298,45.94146],[32.16486,45.93444],[32.20267,45.92577],[32.24759,45.92045],[32.27488,45.90974],[32.31175,45.89929],[32.35032,45.89244],[32.37748,45.88999],[32.40898,45.8794],[32.44679,45.87072],[32.48594,45.86572],[32.52793,45.86456],[32.57908,45.85173],[32.61823,45.84672],[32.66264,45.84566],[32.71409,45.83273],[32.7727,45.82664],[32.73967,45.80732],[32.72592,45.79728],[32.70264,45.77642],[32.6659,45.76254],[32.63393,45.746],[32.60547,45.72657],[32.58906,45.71232],[32.56852,45.7064],[32.53361,45.69304],[32.50164,45.67648],[32.47793,45.6605],[32.43549,45.65177],[32.39936,45.6401],[32.38223,45.63299],[32.35025,45.61641],[32.33555,45.60702],[32.30907,45.58622],[32.29741,45.57493],[32.27752,45.55078],[32.2643,45.52837],[32.2405,45.50386],[32.22302,45.4788],[32.21056,45.45228],[32.20337,45.42481],[32.2018,45.41087],[32.20272,45.38293],[32.20906,45.35532],[32.21729,45.33551],[32.22022,45.31633],[32.22922,45.28906],[32.24342,45.26289],[32.25239,45.25037],[32.27386,45.22677],[32.29969,45.20543],[32.3294,45.18677],[32.36245,45.17112],[32.39821,45.1588],[32.4169,45.15395],[32.45547,45.147],[32.4878,45.14423],[32.53459,45.12705],[32.5724,45.11826],[32.6314,45.11208],[32.69095,45.11449],[32.74856,45.12541],[32.83146,45.15079],[32.85308,45.12199],[32.87678,45.09943],[32.89021,45.08905],[32.91993,45.07034],[32.94519,45.0581],[32.97963,45.03213],[33.01108,45.01489],[33.04556,45.00083],[33.08796,44.98907],[33.11663,44.97561],[33.17421,44.95552],[33.23147,44.94369],[33.27102,44.9405],[33.29519,44.94052],[33.28537,44.92755],[33.27036,44.90144],[33.24688,44.83544],[33.24238,44.80739],[33.24216,44.79326],[33.24629,44.76333],[33.22548,44.75479],[33.19351,44.73796],[33.16505,44.71818],[33.15232,44.7073],[33.13013,44.68381],[33.12077,44.67131],[33.10577,44.64508],[33.10018,44.63148],[33.09299,44.60361],[33.09142,44.58948],[33.0912,44.57529],[33.09484,44.54705],[33.10384,44.51941],[33.11031,44.50598],[33.12701,44.4802],[33.13717,44.46798],[33.16087,44.44516],[33.17431,44.43466],[33.20867,44.41335],[33.21838,44.39938],[33.23985,44.37543],[33.26568,44.35378],[33.28009,44.34394],[33.31154,44.32649],[33.34602,44.31226],[33.38289,44.30153],[33.42035,44.29465],[33.44647,44.27563],[33.46178,44.26651],[33.49483,44.25062],[33.51241,44.24391],[33.56519,44.22983],[33.58211,44.22228],[33.61787,44.20975],[33.67747,44.19504],[33.71604,44.18798],[33.75559,44.18475],[33.79539,44.18542],[33.83469,44.18996],[33.85671,44.19435],[33.91167,44.18588],[33.97132,44.18542],[34.02985,44.19366],[34.06704,44.20384],[34.09273,44.21364],[34.1418,44.21377],[34.20033,44.22201],[34.23752,44.23219],[34.2553,44.23861],[34.28882,44.25399],[34.3191,44.27249],[34.33285,44.2828],[34.35513,44.30321],[34.38349,44.31282],[34.41701,44.32818],[34.4326,44.33705],[34.45792,44.35461],[34.49472,44.36886],[34.51112,44.37694],[34.5414,44.3954],[34.56789,44.41663],[34.59008,44.44023],[34.60757,44.46576],[34.61444,44.47909],[34.62209,44.49944],[34.64501,44.52061],[34.66614,44.54716],[34.70068,44.56283],[34.73575,44.5848],[34.77645,44.59345],[34.80854,44.60389],[34.83249,44.60234],[34.87228,44.60299],[34.92919,44.61087],[34.96343,44.599],[35.00124,44.59013],[35.06024,44.58388],[35.1198,44.58632],[35.17741,44.59733],[35.19576,44.60284],[35.23067,44.61646],[35.25868,44.63109],[35.28522,44.64169],[35.3172,44.65856],[35.3319,44.66811],[35.35838,44.68924],[35.38058,44.71273],[35.39755,44.73733],[35.41163,44.74429],[35.4627,44.75179],[35.49989,44.76187],[35.51767,44.76824],[35.55119,44.78348],[35.56677,44.79228],[35.59522,44.81203],[35.61962,44.83434],[35.63225,44.84912],[35.67041,44.82728],[35.70489,44.81317],[35.72307,44.8074],[35.78033,44.79554],[35.81988,44.79234],[35.85968,44.793],[35.89897,44.7975],[35.92413,44.8026],[35.97423,44.80268],[36.01353,44.80717],[36.0516,44.81542],[36.10282,44.83362],[36.13729,44.82565],[36.17644,44.82055],[36.23608,44.82009],[36.29462,44.82825],[36.3318,44.83832],[36.36302,44.85033],[36.41541,44.85281],[36.47302,44.86377],[36.49137,44.86926],[36.52628,44.88281],[36.55825,44.89961],[36.58671,44.91932],[36.60972,44.94067],[36.56799,45.05066],[36.54286,45.13404],[36.53384,45.17518],[36.53049,45.1992],[36.55425,45.22163],[36.58594,45.24417],[36.59417,45.25254],[36.5937,45.28239],[36.60302,45.30939],[36.62276,45.32801],[36.6635,45.35994],[36.68157,45.45661],[36.66845,45.62662],[36.58321,45.63516],[36.3387,45.6715],[36.13535,45.64765],[36.10348,45.63838],[36.07238,45.62564],[36.02843,45.62422],[35.98177,45.61673],[35.93773,45.63302],[35.88819,45.64346],[35.8367,45.64693],[35.78522,45.64332],[35.73573,45.63275],[35.7048,45.62204],[35.67613,45.60858],[35.65022,45.59262],[35.61747,45.56458],[35.60026,45.54363],[35.58711,45.52127],[35.57649,45.49039],[35.57475,45.48953],[35.54874,45.51425],[35.52428,45.53133],[35.49685,45.54601],[35.4597,45.56034],[35.45552,45.57305],[35.44436,45.59592],[35.42903,45.61756],[35.41988,45.6278],[35.38698,45.65572],[35.36098,45.6716],[35.3373,45.68277],[35.32373,45.71276],[35.31657,45.72373],[35.29925,45.74458],[35.26636,45.77244],[35.23342,45.79173],[35.22632,45.81739],[35.21516,45.84016],[35.19984,45.8617],[35.17391,45.88732],[35.16613,45.9069],[35.15097,45.93152],[35.19237,45.93488],[35.24186,45.94538],[35.28744,45.9624],[35.32737,45.98527],[35.35009,46.00333],[35.36921,46.02329],[35.38442,46.0448],[35.39115,46.05759],[35.41129,46.0718],[35.43226,46.09083],[35.44135,46.10101],[35.45656,46.1225],[35.46804,46.14649],[35.48195,46.15662],[35.50291,46.17562],[35.52012,46.19634],[35.53073,46.21373],[35.55492,46.23267],[35.58194,46.26281],[35.61893,46.27499],[35.6476,46.28828],[35.68529,46.31277],[35.70626,46.33171],[35.72036,46.34835],[35.76713,46.36306],[35.7958,46.37633],[35.82171,46.39207],[35.84442,46.41],[35.86739,46.38272],[35.89182,46.36205],[35.9055,46.35262],[35.93551,46.3358],[35.95169,46.32849],[35.98603,46.31623],[36.04125,46.30417],[36.07955,46.30056],[36.11821,46.30058],[36.17528,46.30742],[36.22914,46.32213],[36.26215,46.33602],[36.29211,46.35288],[36.30577,46.36233],[36.33013,46.38303],[36.34072,46.39419],[36.35847,46.41787],[36.40856,46.43931],[36.43448,46.45503],[36.45719,46.47294],[36.48443,46.50322],[36.49878,46.52815],[36.5457,46.53565],[36.57407,46.51245],[36.61412,46.48991],[36.6598,46.47317],[36.69251,46.46557],[36.72638,46.46097],[36.76084,46.45946],[36.79528,46.46106],[36.82913,46.46575],[36.8618,46.47343],[36.89273,46.48399],[36.9214,46.49723],[36.9591,46.52162],[36.98006,46.54049],[36.99727,46.56107],[37.00437,46.5719],[37.0154,46.59438],[37.01929,46.60594],[37.02208,46.61765],[37.02416,46.63892],[37.0645,46.66168],[37.08721,46.67952],[37.09789,46.68987],[37.13339,46.69798],[37.16872,46.71038],[37.19594,46.70133],[37.22865,46.69376],[37.27971,46.68804],[37.33142,46.68927],[37.36527,46.69393],[37.39794,46.70159],[37.43759,46.71583],[37.62007,46.82989],[38.14086,46.861],[38.33812,46.98075],[38.22825,47.12259],[38.23647,47.13993],[38.23621,47.1961],[38.23558,47.20265],[38.23391,47.2038],[38.23695,47.20827],[38.24121,47.21025],[38.24084,47.21394],[38.24277,47.21716],[38.23981,47.21862],[38.24033,47.22109],[38.23822,47.22193],[38.23873,47.22355],[38.2339,47.22578],[38.23323,47.22962],[38.2386,47.23269],[38.25495,47.23398],[38.26051,47.23833],[38.28842,47.23871],[38.2881,47.2564],[38.32454,47.25663],[38.33161,47.26353],[38.33111,47.26512],[38.3281,47.26582],[38.32893,47.26722],[38.33372,47.26949],[38.33064,47.27554],[38.32553,47.27709],[38.32678,47.27938],[38.3226,47.2815],[38.3282,47.28557],[38.3292,47.28924],[38.33315,47.29261],[38.3336,47.29657],[38.3278,47.29715],[38.32675,47.29917],[38.33402,47.30228],[38.33626,47.30625],[38.22097,47.30542],[38.22096,47.32691],[38.22692,47.33014],[38.22225,47.33322],[38.23051,47.3389],[38.23168,47.34427],[38.23903,47.34606],[38.24558,47.35021],[38.2464,47.35419],[38.24929,47.35699],[38.24737,47.36181],[38.24466,47.36369],[38.25726,47.37335],[38.287,47.37358],[38.2868,47.3915],[38.30263,47.39162],[38.30226,47.47456],[38.28906,47.47631],[38.28708,47.48237],[38.28723,47.48699],[38.29199,47.49059],[38.28993,47.49224],[38.2918,47.49523],[38.29007,47.49912],[38.29382,47.50211],[38.29338,47.50462],[38.29092,47.50531],[38.29254,47.50695],[38.28514,47.50848],[38.28501,47.54425],[38.30651,47.54469],[38.30514,47.54527],[38.30744,47.54672],[38.30599,47.54824],[38.31141,47.5535],[38.31104,47.57609],[38.35091,47.57624],[38.3507,47.61671],[38.45665,47.61702],[38.4567,47.64419],[38.61646,47.64456],[38.6179,47.64733],[38.62143,47.64861],[38.62635,47.65384],[38.62972,47.65359],[38.62967,47.66919],[38.66572,47.66955],[38.66583,47.6988],[38.72838,47.69878],[38.7343,47.69992],[38.7361,47.6982],[38.73554,47.69471],[38.7298,47.69104],[38.7342,47.68729],[38.73771,47.68772],[38.73967,47.68509],[38.73577,47.68295],[38.73609,47.68016],[38.74329,47.6806],[38.74671,47.68634],[38.75137,47.68444],[38.75328,47.68651],[38.75504,47.68532],[38.77261,47.68508],[38.77287,47.71948],[38.7701,47.72104],[38.77249,47.7237],[38.77127,47.72679],[38.77622,47.72956],[38.77631,47.73474],[38.78214,47.73684],[38.78927,47.73709],[38.78964,47.76834],[38.79449,47.76933],[38.79233,47.77225],[38.79647,47.77345],[38.79589,47.77656],[38.78892,47.77844],[38.79315,47.78444],[38.7865,47.78457],[38.78383,47.78804],[38.78372,47.79143],[38.79046,47.79626],[38.78932,47.8156],[38.82885,47.81547],[38.82923,47.82391],[38.83187,47.82503],[38.83238,47.82731],[38.8283,47.82822],[38.82846,47.83232],[38.82536,47.83535],[38.82664,47.8387],[38.82494,47.8403],[38.82614,47.84565],[38.83028,47.85015],[38.84274,47.85148],[38.84305,47.86544],[38.87771,47.86735],[38.87972,47.87272],[38.87783,47.87578],[38.87967,47.87608],[38.89181,47.87304],[38.89808,47.87436],[38.90346,47.87235],[38.9086,47.87275],[38.91226,47.87559],[38.943,47.87299],[38.9548,47.8694],[39.08309,47.8697],[39.08292,47.85165],[39.10973,47.85171],[39.10977,47.84248],[39.14965,47.84198],[39.14954,47.85119],[39.16246,47.85255],[39.16857,47.8472],[39.17176,47.84634],[39.18103,47.85379],[39.23651,47.85355],[39.23356,47.85741],[39.23435,47.86025],[39.23732,47.86159],[39.23542,47.86376],[39.24191,47.86743],[39.35136,47.86705],[39.34869,47.8716],[39.35582,47.87272],[39.38755,47.87126],[39.41247,47.82994],[39.42235,47.83351],[39.42605,47.83697],[39.43858,47.83992],[39.43287,47.84445],[39.443,47.85579],[39.44573,47.85584],[39.44669,47.85383],[39.44538,47.85268],[39.44837,47.85195],[39.45371,47.85517],[39.45897,47.85559],[39.46458,47.85958],[39.47181,47.85896],[39.47739,47.86026],[39.52048,47.82549],[39.53456,47.83256],[39.54228,47.82494],[39.56046,47.8328],[39.56555,47.83646],[39.62254,47.83598],[39.62358,47.83814],[39.62656,47.83918],[39.64729,47.83531],[39.65166,47.83265],[39.73849,47.82791],[39.75654,47.84687],[39.76355,47.84645],[39.76349,47.87074],[39.79068,47.86887],[39.79492,47.87032],[39.79373,47.91944],[39.80141,47.92702],[39.8011,47.93352],[39.79936,47.93462],[39.80225,47.93601],[39.80641,47.93486],[39.80629,47.95049],[39.82177,47.95076],[39.82214,47.95359],[39.82478,47.95536],[39.82246,47.95624],[39.82337,47.95812],[39.82214,47.95969],[39.81809,47.96059],[39.81695,47.96336],[39.81816,47.96478],[39.81668,47.9665],[39.81888,47.96836],[39.81594,47.9713],[39.82031,47.97551],[39.82293,47.98282],[39.81627,47.98354],[39.81502,47.98579],[39.81527,47.98911],[39.81867,47.99005],[39.81647,47.9908],[39.81591,47.99314],[39.81797,47.99474],[39.81275,47.99765],[39.81644,48.00081],[39.81401,48.0026],[39.80962,48.0028],[39.81083,48.00472],[39.80385,48.00574],[39.8031,48.0077],[39.80067,48.00688],[39.79324,48.01085],[39.78645,48.01902],[39.78555,48.02521],[39.78323,48.0259],[39.78442,48.0282],[39.77648,48.03986],[39.88339,48.04098],[39.884,48.04901],[39.8478,48.05912],[39.83375,48.06689],[39.85558,48.07344],[39.86898,48.07946],[39.8739,48.10915],[39.8713,48.11721],[39.87638,48.11885],[39.88741,48.12975],[39.89711,48.13391],[39.9025,48.14034],[39.90681,48.1486],[39.90669,48.16834],[39.90949,48.17986],[39.9249,48.18194],[39.93699,48.18104],[39.94302,48.22918],[40.00284,48.2234],[40.00954,48.22469],[40.00665,48.24187],[40.0207,48.25365],[40.01237,48.26537],[40.01525,48.26659],[40.01352,48.26985],[40.01007,48.26976],[39.99425,48.30026],[39.99332,48.31307],[39.99044,48.31718],[39.9789,48.31576],[39.97216,48.31276],[39.9711,48.30723],[39.96578,48.30645],[39.96313,48.30304],[39.95672,48.3017],[39.95588,48.30362],[39.95206,48.30363],[39.95203,48.30033],[39.94957,48.29909],[39.95073,48.29753],[39.94843,48.29628],[39.94841,48.29441],[39.94439,48.29196],[39.93743,48.29208],[39.93552,48.28433],[39.93017,48.283],[39.93483,48.27922],[39.92819,48.27682],[39.92542,48.27169],[39.91539,48.26967],[39.91488,48.27192],[39.91028,48.27164],[39.91538,48.28226],[39.91232,48.28432],[39.91039,48.29126],[39.88712,48.30444],[39.88719,48.3093],[39.84081,48.30966],[39.84211,48.32],[39.84096,48.32891],[39.84512,48.32946],[39.8461,48.33269],[39.86057,48.33447],[39.87733,48.33391],[39.89886,48.33776],[39.91866,48.34169],[39.9187,48.34722],[39.93214,48.34909],[39.9427,48.34569],[39.94671,48.35413],[39.93663,48.35636],[39.93482,48.35777],[39.93294,48.36301],[39.9338,48.36393],[39.93176,48.36442],[39.93412,48.36434],[39.93659,48.36751],[39.93479,48.37242],[39.94253,48.38302],[39.94153,48.38691],[39.93722,48.38721],[39.93183,48.37734],[39.92482,48.37522],[39.91887,48.37772],[39.91483,48.38681],[39.90613,48.39008],[39.90773,48.39281],[39.91702,48.395],[39.91852,48.39786],[39.91563,48.40079],[39.90628,48.40395],[39.90676,48.40795],[39.91201,48.41517],[39.91147,48.42061],[39.89497,48.43023],[39.88905,48.4417],[39.89031,48.44364],[39.89757,48.4447],[39.89803,48.44771],[39.88698,48.45083],[39.87632,48.45679],[39.85659,48.46417],[39.85102,48.46768],[39.8459,48.47503],[39.84538,48.48498],[39.84767,48.48929],[39.84762,48.50207],[39.85277,48.50352],[39.85682,48.50153],[39.86092,48.50168],[39.86524,48.50377],[39.86708,48.50715],[39.86238,48.51975],[39.86216,48.52433],[39.85537,48.53611],[39.85706,48.54404],[39.85257,48.55297],[39.85543,48.56024],[39.84977,48.5687],[39.8417,48.57305],[39.82072,48.5788],[39.82606,48.58273],[39.82449,48.58636],[39.8086,48.58407],[39.80407,48.58569],[39.79664,48.5916],[39.78985,48.59329],[39.77288,48.59215],[39.76835,48.58689],[39.75242,48.58199],[39.75044,48.58286],[39.75025,48.58953],[39.74719,48.59063],[39.73431,48.58566],[39.72533,48.58665],[39.72115,48.58485],[39.71505,48.58522],[39.70234,48.5881],[39.6877,48.58681],[39.6869,48.58939],[39.68284,48.59258],[39.67942,48.59194],[39.67868,48.59004],[39.67595,48.59145],[39.676,48.59467],[39.68055,48.59638],[39.67903,48.59793],[39.67644,48.59811],[39.67202,48.5955],[39.66908,48.59631],[39.66808,48.60117],[39.67107,48.60406],[39.66157,48.60577],[39.6607,48.60943],[39.67003,48.62332],[39.69369,48.63664],[39.69387,48.64292],[39.69124,48.64626],[39.69364,48.6493],[39.70227,48.65325],[39.70625,48.65691],[39.70925,48.65452],[39.71612,48.65477],[39.70965,48.65996],[39.71094,48.66783],[39.70374,48.66673],[39.70184,48.66952],[39.71208,48.67466],[39.71438,48.68029],[39.72329,48.68386],[39.71688,48.68976],[39.71837,48.6932],[39.7159,48.69518],[39.72023,48.69758],[39.71839,48.7023],[39.71194,48.70087],[39.7051,48.706],[39.70467,48.70781],[39.70758,48.71205],[39.71205,48.71204],[39.71226,48.71551],[39.70739,48.7172],[39.70431,48.72051],[39.70616,48.72145],[39.70921,48.72008],[39.71006,48.7242],[39.71597,48.72786],[39.72024,48.72861],[39.72181,48.72704],[39.72062,48.72526],[39.72348,48.72553],[39.72666,48.72888],[39.72277,48.73152],[39.72554,48.73739],[39.72511,48.74044],[39.73136,48.74188],[39.7336,48.74514],[39.73674,48.74324],[39.73942,48.74372],[39.73678,48.75098],[39.7323,48.75261],[39.73015,48.75086],[39.73136,48.74879],[39.73026,48.74842],[39.7267,48.74984],[39.72576,48.75256],[39.732,48.7552],[39.73007,48.75687],[39.73069,48.75933],[39.73588,48.76013],[39.73645,48.76458],[39.73879,48.76646],[39.74519,48.76743],[39.74374,48.77038],[39.75116,48.77288],[39.75374,48.77043],[39.75076,48.76979],[39.74979,48.76732],[39.75511,48.76814],[39.76144,48.76378],[39.76578,48.76416],[39.76837,48.76607],[39.76802,48.77009],[39.76344,48.77117],[39.76263,48.77287],[39.76571,48.77584],[39.76608,48.77899],[39.77212,48.7838],[39.77973,48.78589],[39.78394,48.79179],[39.78575,48.7993],[39.78026,48.80655],[39.77991,48.81185],[39.78713,48.81781],[39.78506,48.8228],[39.78584,48.82458],[39.78941,48.82457],[39.79228,48.82262],[39.79769,48.82467],[39.79145,48.82875],[39.79142,48.83564],[39.79599,48.83746],[39.79628,48.83982],[39.80001,48.84264],[39.80481,48.8437],[39.8083,48.83994],[39.80703,48.83871],[39.82862,48.83147],[39.83334,48.83366],[39.88523,48.82146],[39.94898,48.79605],[39.9587,48.79665],[39.97614,48.79346],[40.07984,48.86995],[40.07235,48.87456],[40.05849,48.90403],[40.06084,48.90938],[40.04866,48.91026],[40.04609,48.91144],[40.04542,48.91426],[40.03989,48.91485],[40.0367,48.91309],[40.03512,48.91591],[40.0292,48.91506],[40.02707,48.91345],[40.02919,48.91208],[40.02485,48.91188],[40.02246,48.90923],[40.01923,48.90964],[40.02122,48.90564],[40.01685,48.90426],[40.01829,48.90355],[40.01764,48.9022],[40.00417,48.90137],[39.99322,48.86823],[39.96216,48.87201],[39.94884,48.87644],[39.94403,48.88014],[39.94179,48.88487],[39.93656,48.88984],[39.92848,48.89268],[39.92502,48.89583],[39.8529,48.89076],[39.84537,48.90287],[39.8423,48.90103],[39.83838,48.90322],[39.83376,48.90089],[39.83612,48.89463],[39.83296,48.88863],[39.82701,48.88642],[39.82751,48.88975],[39.81823,48.89654],[39.81875,48.89833],[39.82453,48.90141],[39.82335,48.90406],[39.81878,48.90558],[39.81905,48.90788],[39.81561,48.90778],[39.80512,48.91462],[39.79846,48.91426],[39.79744,48.91098],[39.79421,48.91083],[39.79331,48.91487],[39.78276,48.91527],[39.77539,48.92211],[39.77378,48.9245],[39.77916,48.92687],[39.77858,48.93194],[39.78169,48.93554],[39.77894,48.93832],[39.77323,48.94034],[39.77195,48.94339],[39.77377,48.94958],[39.77803,48.9516],[39.77398,48.95326],[39.7704,48.95279],[39.76432,48.95801],[39.76647,48.96075],[39.76293,48.96124],[39.76302,48.96276],[39.76041,48.96406],[39.76379,48.9678],[39.75697,48.96769],[39.75678,48.97018],[39.76039,48.9717],[39.75827,48.97306],[39.75856,48.97552],[39.75249,48.97604],[39.74871,48.97857],[39.74882,48.98236],[39.75308,48.98484],[39.75219,48.98643],[39.7458,48.98697],[39.73545,48.98233],[39.72997,48.97815],[39.72997,48.97643],[39.72668,48.97564],[39.72461,48.97796],[39.72681,48.97861],[39.72586,48.97962],[39.72302,48.97936],[39.71678,48.98237],[39.71606,48.98699],[39.71128,48.99197],[39.70771,48.99272],[39.70821,48.99502],[39.70346,48.99949],[39.69891,49.00093],[39.69338,48.99931],[39.69007,48.99582],[39.67787,48.98954],[39.66403,49.00067],[39.67108,49.00358],[39.67845,49.01337],[39.67427,49.01422],[39.67286,49.01682],[39.677,49.02208],[39.67723,49.02728],[39.68286,49.0301],[39.68065,49.03332],[39.6851,49.0341],[39.68153,49.03789],[39.67797,49.03635],[39.67583,49.03938],[39.67226,49.04051],[39.69319,49.05061],[39.74124,49.04173],[39.7667,49.03987],[39.77866,49.04448],[39.80187,49.05845],[39.81136,49.06075],[39.81817,49.05804],[39.87982,49.06417],[39.90993,49.05732],[39.93781,49.05637],[39.94246,49.07059],[39.93859,49.08294],[39.9591,49.10575],[39.97499,49.12713],[39.99599,49.14729],[40.00257,49.15137],[40.03102,49.17945],[40.07763,49.18705],[40.09358,49.20287],[40.10859,49.21132],[40.12369,49.2311],[40.1366,49.23927],[40.17757,49.23716],[40.20811,49.24192],[40.22181,49.2512],[40.22781,49.26051],[40.18641,49.2812],[40.18426,49.30225],[40.18228,49.30359],[40.18748,49.30883],[40.19273,49.33222],[40.20046,49.34577],[40.18275,49.35126],[40.17552,49.35646],[40.16961,49.35655],[40.15866,49.36694],[40.16094,49.36646],[40.16165,49.36863],[40.15831,49.37122],[40.15673,49.3703],[40.15411,49.37147],[40.15597,49.37283],[40.14335,49.37853],[40.11426,49.38582],[40.07829,49.41003],[40.0637,49.43085],[40.04583,49.44628],[40.02962,49.45409],[40.04213,49.49925],[40.03756,49.51676],[40.03906,49.52063],[40.13453,49.55704],[40.17039,49.56894],[40.13957,49.59607],[40.13546,49.61709],[40.06498,49.59898],[40.05794,49.60697],[39.95167,49.59767],[39.93457,49.57412],[39.89143,49.55879],[39.86861,49.56004],[39.8388,49.56427],[39.80641,49.55813],[39.77576,49.57803],[39.7502,49.59747],[39.7144,49.60652],[39.69678,49.60496],[39.68637,49.61221],[39.65871,49.61607],[39.63896,49.63464],[39.61341,49.69127],[39.59146,49.71898],[39.61068,49.73364],[39.56358,49.73686],[39.53837,49.74019],[39.47981,49.75631],[39.44282,49.76037],[39.43404,49.75981],[39.41177,49.75368],[39.37833,49.7388],[39.3634,49.74044],[39.30889,49.75287],[39.28559,49.75518],[39.27429,49.76829],[39.26599,49.76774],[39.25136,49.77639],[39.24374,49.78712],[39.23854,49.79852],[39.22759,49.80731],[39.22989,49.80918],[39.2304,49.81298],[39.22819,49.81649],[39.22622,49.84004],[39.20908,49.85947],[39.20226,49.87022],[39.19568,49.87295],[39.18849,49.88514],[39.17992,49.88872],[39.13071,49.86136],[39.11663,49.84311],[39.10985,49.83742],[39.07037,49.81903],[39.06689,49.81557],[39.0305,49.82255],[39.01694,49.82009],[38.98599,49.80836],[38.96573,49.80499],[38.95268,49.79769],[38.94804,49.79688],[38.93915,49.80081],[38.93374,49.79957],[38.93342,49.79744],[38.93024,49.79691],[38.92674,49.80089],[38.92812,49.80391],[38.92061,49.80496],[38.91918,49.80964],[38.91593,49.81256],[38.91832,49.81471],[38.90946,49.81901],[38.9067,49.8268],[38.90718,49.82863],[38.9133,49.82935],[38.91401,49.83194],[38.91084,49.83456],[38.9136,49.83692],[38.91217,49.84393],[38.90568,49.84568],[38.90449,49.84894],[38.91114,49.85265],[38.91167,49.85619],[38.91595,49.85593],[38.91842,49.85869],[38.90832,49.86005],[38.9013,49.86939],[38.88997,49.87021],[38.88694,49.86738],[38.88351,49.86741],[38.8794,49.86977],[38.87352,49.86642],[38.87287,49.8674],[38.86332,49.8659],[38.85625,49.86885],[38.85125,49.8659],[38.8516,49.86471],[38.84769,49.86429],[38.8473,49.8676],[38.84224,49.86546],[38.83598,49.86767],[38.83079,49.87546],[38.8247,49.87869],[38.79562,49.88336],[38.79096,49.87827],[38.78077,49.88234],[38.76872,49.89578],[38.7448,49.89725],[38.7346,49.90448],[38.72394,49.92711],[38.69407,49.9348],[38.69143,49.93852],[38.69224,49.93975],[38.68597,49.96213],[38.7106,49.98088],[38.71855,49.98319],[38.7164,49.9869],[38.71004,49.98998],[38.69783,50.00166],[38.69285,50.00289],[38.68709,50.0071],[38.68405,50.00774],[38.67917,50.00597],[38.67701,49.99228],[38.68067,49.97445],[38.67259,49.97182],[38.66739,49.97192],[38.64711,49.95599],[38.61646,49.97478],[38.59177,49.97726],[38.58191,49.97753],[38.56373,49.96977],[38.54755,49.96637],[38.52764,49.95874],[38.50951,49.96333],[38.4888,49.96374],[38.48386,49.97045],[38.48426,49.9771],[38.47952,49.97756],[38.47843,49.98328],[38.46497,49.98332],[38.46902,49.9953],[38.43357,50.00126],[38.41632,49.98169],[38.39853,49.99118],[38.34985,50.00698],[38.34921,50.00898],[38.35149,50.01151],[38.35355,50.01868],[38.35119,50.03579],[38.33837,50.05321],[38.33397,50.05822],[38.33258,50.05801],[38.33305,50.06652],[38.3293,50.08544],[38.31315,50.08845],[38.30046,50.0868],[38.29175,50.07966],[38.277,50.07366],[38.25574,50.07251],[38.17877,50.07993],[38.18496,50.05571],[38.18347,50.04644],[38.18734,50.04088],[38.18911,50.02375],[38.18592,50.02262],[38.20091,50.00341],[38.20513,50.00104],[38.20475,49.9988],[38.20991,49.99234],[38.21663,49.98752],[38.21708,49.98325],[38.21906,49.98322],[38.22181,49.97919],[38.19574,49.96936],[38.19801,49.96215],[38.16276,49.95156],[38.17131,49.94189],[38.12914,49.92295],[38.12654,49.9222],[38.12877,49.93065],[38.12452,49.94226],[38.05707,49.92336],[38.04585,49.91486],[38.03294,49.90039],[38.02175,49.91011],[38.02312,49.91535],[38.02212,49.9178],[38.02495,49.91888],[38.02406,49.92222],[38.0206,49.92577],[38.04437,49.93268],[38.02983,49.9471],[38.00534,49.96743],[37.99938,49.96352],[37.98065,49.97666],[37.96498,49.97897],[37.92545,50.03463],[37.89339,50.05062],[37.8648,50.05462],[37.82487,50.06821],[37.79758,50.08425],[37.75549,50.07871],[37.74336,50.09439],[37.72606,50.107],[37.70669,50.12809],[37.71016,50.13372],[37.68684,50.14355],[37.68016,50.14863],[37.66833,50.15274],[37.66521,50.15829],[37.65421,50.16629],[37.65283,50.17003],[37.64987,50.17082],[37.64659,50.17438],[37.64031,50.17604],[37.63901,50.18003],[37.64351,50.19084],[37.61509,50.21634],[37.61429,50.21978],[37.62685,50.2406],[37.62559,50.24485],[37.62733,50.26206],[37.62626,50.29275],[37.62891,50.29664],[37.63804,50.3029],[37.63574,50.31081],[37.62994,50.31362],[37.61727,50.31543],[37.59505,50.31613],[37.58565,50.31415],[37.57696,50.30634],[37.55531,50.32964],[37.52143,50.33625],[37.50855,50.34699],[37.50586,50.35205],[37.48496,50.35676],[37.47693,50.36589],[37.47218,50.36838],[37.4706,50.37101],[37.47078,50.3754],[37.46659,50.38023],[37.46615,50.40686],[37.46258,50.41821],[37.46414,50.41986],[37.46301,50.42282],[37.4654,50.43107],[37.48489,50.43127],[37.48459,50.44548],[37.4904,50.45739],[37.47694,50.45948],[37.46955,50.45367],[37.4325,50.44367],[37.42157,50.43479],[37.41276,50.43305],[37.39652,50.43101],[37.37766,50.4326],[37.35209,50.43734],[37.32997,50.43627],[37.32,50.43291],[37.31102,50.42701],[37.2998,50.40641],[37.29225,50.4011],[37.26419,50.39388],[37.25772,50.39086],[37.25586,50.39252],[37.22241,50.37924],[37.22491,50.37628],[37.20811,50.37266],[37.17921,50.36234],[37.15108,50.35631],[37.13919,50.36098],[37.10173,50.35814],[37.10541,50.35157],[37.07052,50.34659],[37.05912,50.34701],[37.04503,50.34499],[37.03767,50.34872],[36.93759,50.35028],[36.91555,50.34654],[36.88666,50.33794],[36.87001,50.33615],[36.85226,50.32768],[36.83313,50.31319],[36.81933,50.31333],[36.80993,50.31174],[36.80394,50.30939],[36.80083,50.30623],[36.76809,50.30174],[36.76419,50.29196],[36.77205,50.28956],[36.75538,50.29015],[36.74953,50.28811],[36.7482,50.28742],[36.75029,50.28647],[36.75089,50.28328],[36.74873,50.28031],[36.74025,50.28294],[36.7293,50.27744],[36.71988,50.27732],[36.70571,50.26876],[36.70381,50.26471],[36.70026,50.26405],[36.69511,50.26943],[36.68881,50.26732],[36.68317,50.25707],[36.68424,50.25035],[36.67923,50.23729],[36.66412,50.22227],[36.64795,50.21766],[36.63968,50.22245],[36.6188,50.22706],[36.61532,50.22706],[36.61302,50.22378],[36.59476,50.23012],[36.59411,50.23248],[36.58329,50.23659],[36.57697,50.24021],[36.57718,50.24209],[36.56948,50.24421],[36.56054,50.25072],[36.56944,50.25726],[36.57393,50.25524],[36.57771,50.25858],[36.57509,50.2606],[36.58019,50.26267],[36.59077,50.27076],[36.59366,50.27548],[36.59343,50.27802],[36.5899,50.27909],[36.58476,50.28612],[36.56695,50.2856],[36.55585,50.28161],[36.53652,50.28343],[36.53647,50.28452],[36.52418,50.28627],[36.52266,50.2892],[36.52662,50.29358],[36.51631,50.29408],[36.5009,50.29913],[36.49874,50.30239],[36.49662,50.30367],[36.49572,50.30274],[36.49073,50.30643],[36.48778,50.31156],[36.4733,50.31311],[36.43998,50.31106],[36.43345,50.33064],[36.42419,50.32825],[36.41404,50.31656],[36.40673,50.31081],[36.37572,50.29998],[36.37954,50.2926],[36.36421,50.28749],[36.2957,50.29179],[36.29913,50.2996],[36.28607,50.29865],[36.28593,50.30543],[36.27639,50.31632],[36.28046,50.32311],[36.27397,50.32412],[36.27812,50.33069],[36.28385,50.33555],[36.25549,50.35528],[36.24226,50.35821],[36.23367,50.36359],[36.23115,50.37137],[36.21036,50.38666],[36.20554,50.3943],[36.19322,50.40363],[36.18452,50.40641],[36.17696,50.40159],[36.1703,50.40945],[36.16064,50.43154],[36.13563,50.43758],[36.11768,50.43813],[36.09333,50.44458],[36.08608,50.44849],[36.06955,50.44624],[36.06826,50.45111],[36.04518,50.44897],[36.03898,50.45015],[36.03364,50.44745],[36.0233,50.44555],[36.00348,50.44577],[35.99877,50.44335],[35.97684,50.4409],[35.97405,50.43778],[35.96857,50.43547],[35.96308,50.43581],[35.95585,50.43374],[35.95151,50.43507],[35.93858,50.43378],[35.93602,50.43079],[35.93248,50.43102],[35.92134,50.43713],[35.91235,50.43443],[35.90635,50.43797],[35.89098,50.4378],[35.8893,50.43911],[35.87253,50.42265],[35.85491,50.42945],[35.83514,50.42471],[35.83196,50.43385],[35.79284,50.41581],[35.79629,50.41163],[35.8068,50.41103],[35.80681,50.40482],[35.80271,50.39792],[35.79148,50.38933],[35.75645,50.36828],[35.73858,50.35454],[35.6728,50.35504],[35.65858,50.3511],[35.6283,50.35444],[35.62649,50.35198],[35.60156,50.36739],[35.61192,50.37463],[35.5975,50.3831],[35.594,50.39298],[35.58487,50.3927],[35.58361,50.39511],[35.58358,50.4301],[35.58741,50.43133],[35.58648,50.44809],[35.57924,50.45276],[35.57853,50.4557],[35.57472,50.45794],[35.56928,50.46491],[35.56178,50.4595],[35.56131,50.45724],[35.56543,50.4567],[35.56779,50.45803],[35.57153,50.45769],[35.57165,50.45648],[35.56355,50.45112],[35.55873,50.4543],[35.55414,50.45431],[35.55503,50.45577],[35.55274,50.45833],[35.5491,50.4569],[35.53728,50.45963],[35.53845,50.46125],[35.53267,50.46564],[35.50764,50.47703],[35.50327,50.48104],[35.47696,50.48851],[35.463,50.50468],[35.4599,50.50442],[35.45709,50.50688],[35.4594,50.50869],[35.45758,50.51085],[35.45791,50.51302],[35.44544,50.52308],[35.4446,50.52929],[35.43654,50.52995],[35.43519,50.53191],[35.4351,50.53626],[35.43949,50.54157],[35.43888,50.54434],[35.42787,50.56214],[35.39046,50.58001],[35.40036,50.59026],[35.42092,50.59938],[35.42568,50.60319],[35.41906,50.60889],[35.42104,50.61555],[35.416,50.61561],[35.41287,50.61346],[35.4023,50.6319],[35.39208,50.64185],[35.3929,50.65],[35.40039,50.65636],[35.42702,50.65497],[35.46276,50.66631],[35.48584,50.65593],[35.48888,50.65856],[35.48715,50.67065],[35.49619,50.67887],[35.48047,50.68147],[35.47208,50.68041],[35.46429,50.68399],[35.45946,50.68925],[35.46343,50.6936],[35.46084,50.69824],[35.46157,50.70294],[35.45976,50.70474],[35.46293,50.70832],[35.46605,50.70846],[35.46743,50.71661],[35.47315,50.72554],[35.46388,50.73497],[35.47171,50.73722],[35.47428,50.74008],[35.4698,50.7466],[35.47596,50.75194],[35.47655,50.75323],[35.47388,50.75493],[35.48871,50.7768],[35.47433,50.78464],[35.45694,50.78218],[35.44967,50.78296],[35.43277,50.7944],[35.41496,50.79903],[35.41141,50.80256],[35.4102,50.80571],[35.42031,50.82906],[35.41912,50.84383],[35.41265,50.85522],[35.40803,50.85821],[35.40578,50.86304],[35.40249,50.86488],[35.39511,50.8647],[35.38559,50.86745],[35.38238,50.87008],[35.3876,50.87493],[35.40188,50.87948],[35.38824,50.88573],[35.37989,50.89571],[35.40373,50.9028],[35.39686,50.90674],[35.3967,50.90891],[35.40223,50.9104],[35.40007,50.91415],[35.39644,50.91794],[35.39236,50.91946],[35.39264,50.92421],[35.37372,50.92332],[35.36625,50.92573],[35.37158,50.93],[35.37036,50.93043],[35.37243,50.93239],[35.35515,50.93111],[35.3544,50.93226],[35.34777,50.93189],[35.34855,50.93303],[35.34515,50.93295],[35.34376,50.93546],[35.33315,50.93467],[35.32576,50.94683],[35.32931,50.94787],[35.33037,50.95188],[35.33567,50.95638],[35.33594,50.95827],[35.33454,50.95876],[35.33646,50.96336],[35.34279,50.96351],[35.3429,50.9676],[35.35239,50.97425],[35.34888,50.97727],[35.34332,50.98791],[35.34037,50.98802],[35.33218,50.99268],[35.32997,50.99628],[35.33776,50.99807],[35.33145,51.00247],[35.32913,51.00858],[35.32282,51.01367],[35.32547,51.01458],[35.33358,51.00926],[35.35033,51.0061],[35.35895,51.00548],[35.37467,51.00864],[35.3755,51.01163],[35.38251,51.01287],[35.38381,51.01991],[35.3938,51.02009],[35.39458,51.02307],[35.40318,51.02272],[35.40391,51.02456],[35.40931,51.02672],[35.40787,51.02914],[35.40382,51.02893],[35.40293,51.0315],[35.39995,51.0316],[35.40023,51.03367],[35.40361,51.03442],[35.40468,51.03799],[35.41119,51.03914],[35.40888,51.04339],[35.40563,51.04366],[35.40616,51.04823],[35.39508,51.05496],[35.38684,51.05348],[35.37511,51.06707],[35.37274,51.06584],[35.36158,51.06686],[35.3509,51.06209],[35.3279,51.07085],[35.32602,51.07404],[35.32791,51.07728],[35.30438,51.07874],[35.30274,51.07712],[35.30361,51.0742],[35.30091,51.07319],[35.30147,51.07188],[35.29755,51.07238],[35.29596,51.0719],[35.29919,51.07131],[35.2955,51.06902],[35.28881,51.06889],[35.28715,51.06675],[35.28108,51.06707],[35.27672,51.06383],[35.27427,51.0642],[35.27661,51.06303],[35.27593,51.05859],[35.26712,51.05798],[35.26475,51.05993],[35.26576,51.06319],[35.25769,51.05848],[35.258,51.06164],[35.25392,51.06165],[35.24827,51.06515],[35.24383,51.06405],[35.24274,51.0612],[35.22658,51.05455],[35.22617,51.05245],[35.22256,51.05239],[35.22187,51.05038],[35.21357,51.04649],[35.20986,51.04673],[35.19995,51.0529],[35.19692,51.05002],[35.1966,51.05153],[35.19016,51.05396],[35.18979,51.05669],[35.18272,51.06183],[35.17706,51.07041],[35.16632,51.07699],[35.16616,51.08042],[35.16358,51.08326],[35.15381,51.08126],[35.14762,51.08264],[35.15571,51.09082],[35.1735,51.08724],[35.17692,51.09872],[35.16973,51.10346],[35.16854,51.10098],[35.16471,51.1013],[35.16471,51.10531],[35.16703,51.10573],[35.16306,51.10867],[35.16844,51.11936],[35.17465,51.12159],[35.16794,51.12642],[35.14156,51.13389],[35.144,51.13706],[35.14349,51.13981],[35.13626,51.14456],[35.135,51.14796],[35.14045,51.15066],[35.13953,51.15383],[35.12777,51.15931],[35.12297,51.16509],[35.13497,51.17049],[35.13087,51.17398],[35.13027,51.19439],[35.14332,51.20313],[35.1427,51.20656],[35.1369,51.20969],[35.13753,51.21545],[35.14031,51.21811],[35.15018,51.22108],[35.15027,51.22342],[35.11961,51.2315],[35.11734,51.22973],[35.10511,51.23274],[35.08464,51.23036],[35.07594,51.23188],[35.07178,51.23451],[35.07255,51.23258],[35.06618,51.22895],[35.06159,51.22335],[35.06374,51.21844],[35.06252,51.21602],[35.05526,51.21107],[35.03876,51.20442],[35.03804,51.21781],[35.02366,51.22062],[35.01007,51.23167],[35.00586,51.232],[35.00035,51.22948],[34.99344,51.22879],[34.98245,51.23183],[34.98285,51.23351],[34.97996,51.23554],[34.95231,51.22793],[34.95018,51.2252],[34.95237,51.22249],[34.95242,51.21937],[34.94066,51.21722],[34.93943,51.21147],[34.93308,51.20671],[34.92497,51.20511],[34.90679,51.2049],[34.90398,51.20285],[34.90548,51.20123],[34.90477,51.19863],[34.89829,51.19302],[34.88365,51.19593],[34.88008,51.19472],[34.8767,51.1911],[34.87041,51.19314],[34.86231,51.19916],[34.84564,51.19104],[34.84669,51.18885],[34.84003,51.18478],[34.83332,51.18325],[34.83558,51.17782],[34.8348,51.16934],[34.81484,51.17014],[34.80909,51.17237],[34.80858,51.17655],[34.79859,51.17571],[34.7846,51.18495],[34.78072,51.18112],[34.77989,51.17795],[34.77162,51.17493],[34.76149,51.1766],[34.75344,51.18059],[34.73673,51.17937],[34.7313,51.18251],[34.71654,51.17142],[34.68862,51.18086],[34.66876,51.19777],[34.66264,51.24744],[34.65385,51.24681],[34.63486,51.2511],[34.62037,51.25009],[34.60298,51.25367],[34.60132,51.25112],[34.60134,51.24567],[34.59863,51.24558],[34.5797,51.2342],[34.54131,51.25284],[34.52353,51.25261],[34.51324,51.24223],[34.48431,51.24491],[34.47074,51.25056],[34.46268,51.25206],[34.44629,51.26179],[34.43874,51.25647],[34.41292,51.26265],[34.41465,51.26561],[34.40854,51.26839],[34.38424,51.27382],[34.33134,51.23998],[34.3057,51.2383],[34.28382,51.24958],[34.25811,51.25722],[34.24403,51.26352],[34.23048,51.2651],[34.23374,51.26927],[34.23113,51.27119],[34.2316,51.27324],[34.24607,51.27647],[34.25177,51.27513],[34.25492,51.28219],[34.24345,51.28445],[34.23764,51.29253],[34.24474,51.29407],[34.2448,51.29605],[34.24957,51.29643],[34.24984,51.29899],[34.25467,51.29899],[34.25597,51.30137],[34.25861,51.30219],[34.26663,51.29873],[34.27296,51.3149],[34.27751,51.31294],[34.27736,51.31118],[34.28228,51.31081],[34.28127,51.31847],[34.2897,51.32264],[34.28164,51.33472],[34.28482,51.33741],[34.28719,51.33915],[34.29827,51.33461],[34.30576,51.33629],[34.31017,51.33536],[34.31188,51.33367],[34.31053,51.33097],[34.31513,51.32933],[34.31676,51.3315],[34.31283,51.33522],[34.31935,51.3381],[34.31555,51.34139],[34.31606,51.34291],[34.33269,51.35102],[34.33866,51.35608],[34.33815,51.35885],[34.33085,51.3615],[34.33704,51.36393],[34.33644,51.36576],[34.30703,51.37353],[34.30552,51.37904],[34.3029,51.37964],[34.30056,51.37722],[34.30192,51.3757],[34.3005,51.37432],[34.29336,51.37311],[34.2852,51.37468],[34.29247,51.38811],[34.28079,51.38986],[34.2779,51.38615],[34.27286,51.38735],[34.27187,51.38311],[34.26217,51.38992],[34.25783,51.39634],[34.24618,51.40232],[34.23734,51.39955],[34.2277,51.39952],[34.22671,51.40967],[34.22094,51.41702],[34.22797,51.42043],[34.22271,51.42843],[34.24713,51.43122],[34.24565,51.43682],[34.25476,51.43982],[34.25422,51.44391],[34.25136,51.4477],[34.24572,51.45128],[34.24522,51.45666],[34.25732,51.46088],[34.25895,51.46676],[34.26476,51.47003],[34.26389,51.47065],[34.26661,51.47508],[34.27567,51.47548],[34.28136,51.47361],[34.29099,51.48032],[34.29093,51.48678],[34.2978,51.49306],[34.28998,51.51],[34.30616,51.51314],[34.308,51.51544],[34.30759,51.51942],[34.30525,51.52163],[34.29565,51.5241],[34.29568,51.5327],[34.28523,51.53291],[34.28459,51.53505],[34.2597,51.53334],[34.25905,51.5483],[34.25592,51.54808],[34.24975,51.55479],[34.25676,51.56015],[34.24481,51.56993],[34.24901,51.57698],[34.23871,51.58407],[34.23745,51.5847],[34.2242,51.57639],[34.2166,51.57466],[34.2152,51.58982],[34.21273,51.58976],[34.21119,51.6005],[34.18211,51.597],[34.17952,51.62519],[34.16904,51.64079],[34.17081,51.64218],[34.16712,51.64563],[34.15236,51.64298],[34.1414,51.64415],[34.12969,51.64277],[34.13036,51.64855],[34.11223,51.64909],[34.10596,51.65717],[34.10463,51.66643],[34.09037,51.6615],[34.08036,51.66628],[34.08341,51.66952],[34.08874,51.67031],[34.0887,51.67161],[34.09632,51.672],[34.09845,51.67661],[34.10394,51.67903],[34.10812,51.67825],[34.11194,51.67962],[34.11477,51.68183],[34.11538,51.68469],[34.12591,51.68456],[34.12817,51.68957],[34.13775,51.6889],[34.14306,51.69056],[34.14678,51.68744],[34.15455,51.68997],[34.15693,51.68909],[34.15802,51.68626],[34.1601,51.68607],[34.16334,51.68874],[34.17762,51.6925],[34.18304,51.69227],[34.18715,51.69558],[34.18997,51.69577],[34.19013,51.69755],[34.19185,51.69639],[34.19611,51.69703],[34.20033,51.6939],[34.20483,51.69416],[34.20796,51.69922],[34.21312,51.70306],[34.22009,51.70342],[34.23409,51.69702],[34.25076,51.70263],[34.2615,51.70105],[34.26431,51.70152],[34.26474,51.70357],[34.27407,51.70345],[34.2797,51.70571],[34.29102,51.70507],[34.29773,51.70818],[34.29891,51.71206],[34.30173,51.71289],[34.3028,51.71564],[34.30899,51.72031],[34.31248,51.71981],[34.31551,51.71661],[34.33206,51.71537],[34.33513,51.71369],[34.34803,51.71541],[34.35473,51.71277],[34.3599,51.71378],[34.36582,51.71226],[34.39097,51.71817],[34.40025,51.71494],[34.40151,51.71562],[34.40109,51.71774],[34.40712,51.7181],[34.41375,51.72245],[34.42285,51.72233],[34.42312,51.72607],[34.42609,51.7294],[34.43455,51.73054],[34.43627,51.73281],[34.4362,51.73685],[34.44001,51.7394],[34.43883,51.74172],[34.44047,51.7434],[34.43622,51.74746],[34.43692,51.74878],[34.43521,51.74994],[34.43673,51.75157],[34.43493,51.7538],[34.43654,51.75744],[34.4386,51.75838],[34.43528,51.76205],[34.43572,51.76493],[34.42974,51.76527],[34.43079,51.76798],[34.428,51.77003],[34.42768,51.77367],[34.42435,51.77385],[34.42065,51.7789],[34.41566,51.77912],[34.40928,51.78224],[34.40978,51.78521],[34.40716,51.79046],[34.40944,51.79248],[34.40817,51.79397],[34.41074,51.79521],[34.41696,51.8087],[34.41651,51.81384],[34.41133,51.81768],[34.41487,51.81979],[34.41379,51.82158],[34.4155,51.82583],[34.41163,51.82676],[34.40738,51.83131],[34.4031,51.83183],[34.40067,51.83557],[34.38998,51.83585],[34.38757,51.8379],[34.38796,51.83992],[34.38644,51.84123],[34.3877,51.84374],[34.38643,51.84435],[34.37865,51.84347],[34.3692,51.84487],[34.36986,51.8459],[34.36709,51.84921],[34.36919,51.85202],[34.36351,51.85504],[34.36468,51.85769],[34.36272,51.85906],[34.32778,51.87137],[34.32641,51.87413],[34.32405,51.87538],[34.3215,51.87452],[34.30376,51.88486],[34.30366,51.88721],[34.27491,51.88823],[34.26308,51.87841],[34.24536,51.88167],[34.25894,51.8893],[34.25451,51.89409],[34.25488,51.89617],[34.25839,51.89839],[34.25566,51.90282],[34.25637,51.90578],[34.26011,51.90778],[34.25739,51.90819],[34.26149,51.90928],[34.25009,51.91618],[34.23256,51.91292],[34.21912,51.92039],[34.22567,51.9285],[34.21702,51.93084],[34.21845,51.93278],[34.21692,51.93175],[34.21197,51.93309],[34.21202,51.93504],[34.2139,51.93546],[34.21088,51.93571],[34.21342,51.93677],[34.21014,51.93629],[34.20714,51.93934],[34.20365,51.93982],[34.20358,51.94541],[34.19125,51.95944],[34.18961,51.96904],[34.16785,51.9706],[34.14324,51.96806],[34.14213,51.9728],[34.13726,51.97284],[34.1292,51.98452],[34.13497,51.98892],[34.14028,51.9996],[34.13468,52.0018],[34.1329,52.00449],[34.12445,52.00666],[34.11635,52.00552],[34.11199,52.00677],[34.10369,52.00416],[34.09674,52.00485],[34.09728,52.00812],[34.09419,52.01104],[34.092,52.03089],[34.09398,52.02938],[34.09536,52.03135],[34.09197,52.03583],[34.10139,52.0415],[34.09362,52.04681],[34.09298,52.05277],[34.08701,52.05435],[34.08277,52.05804],[34.08052,52.07042],[34.06254,52.06964],[34.06228,52.07295],[34.0847,52.08475],[34.09412,52.08505],[34.09641,52.09113],[34.09987,52.09335],[34.08711,52.10202],[34.08858,52.10588],[34.08595,52.10877],[34.09387,52.11177],[34.09871,52.1119],[34.10255,52.11688],[34.11078,52.12301],[34.11322,52.13842],[34.11651,52.14104],[34.09042,52.15483],[34.07602,52.15472],[34.05931,52.1666],[34.05453,52.17158],[34.06509,52.18314],[34.06141,52.18487],[34.05319,52.19729],[34.05283,52.20139],[34.01634,52.2019],[33.99884,52.21099],[34.00225,52.22275],[34.00063,52.22726],[33.98228,52.23435],[33.97456,52.23049],[33.97199,52.23271],[33.96413,52.23485],[33.96154,52.23947],[33.9589,52.24056],[33.95732,52.24404],[33.96187,52.24666],[33.96108,52.2476],[33.95423,52.24731],[33.95169,52.24933],[33.94767,52.24786],[33.9466,52.24914],[33.94331,52.24835],[33.93792,52.24983],[33.94268,52.258],[33.94336,52.26795],[33.94585,52.27473],[33.94404,52.28121],[33.94478,52.28347],[33.93778,52.28946],[33.93263,52.29031],[33.92537,52.29518],[33.92496,52.29958],[33.92118,52.305],[33.91735,52.3064],[33.91088,52.3086],[33.9084,52.30802],[33.90699,52.30603],[33.90753,52.30352],[33.90505,52.30211],[33.89611,52.30766],[33.87509,52.30653],[33.83902,52.32036],[33.8553,52.33287],[33.8431,52.34301],[33.84294,52.34509],[33.83906,52.34692],[33.83756,52.35038],[33.83872,52.35818],[33.83647,52.36139],[33.82424,52.3641],[33.81879,52.36307],[33.80504,52.36629],[33.78549,52.3666],[33.77294,52.36347],[33.75109,52.36137],[33.74843,52.35726],[33.72451,52.35343],[33.71724,52.36281],[33.70816,52.36279],[33.69977,52.35875],[33.68538,52.35792],[33.67802,52.35433],[33.68149,52.34957],[33.67074,52.34691],[33.66635,52.34424],[33.64447,52.33947],[33.62525,52.33892],[33.61546,52.33555],[33.60396,52.33404],[33.58915,52.32367],[33.57724,52.31835],[33.58182,52.31083],[33.57811,52.31056],[33.56412,52.31823],[33.55161,52.32305],[33.54409,52.32413],[33.5449,52.32082],[33.55255,52.31922],[33.56467,52.31332],[33.56611,52.31023],[33.55987,52.30226],[33.53157,52.30456],[33.52531,52.30748],[33.50455,52.30605],[33.49817,52.31202],[33.48839,52.31059],[33.47907,52.31643],[33.48357,52.31699],[33.48292,52.31974],[33.48552,52.31975],[33.48877,52.32286],[33.48893,52.32924],[33.4915,52.33128],[33.51338,52.33398],[33.51247,52.33508],[33.51458,52.33897],[33.51952,52.34268],[33.51974,52.34401],[33.51536,52.3469],[33.51756,52.34911],[33.51681,52.35079],[33.51902,52.35197],[33.5184,52.35485],[33.50932,52.35802],[33.49547,52.35621],[33.47203,52.35906],[33.46376,52.36328],[33.46175,52.3619],[33.45511,52.36531],[33.45109,52.36025],[33.45269,52.35966],[33.45213,52.35731],[33.44519,52.35732],[33.43938,52.35294],[33.44557,52.34952],[33.44681,52.34266],[33.42874,52.34568],[33.41287,52.35125],[33.41665,52.35226],[33.41627,52.35658],[33.41768,52.35828],[33.41652,52.35827],[33.41622,52.36079],[33.41127,52.36108],[33.40945,52.35958],[33.4068,52.36152],[33.4027,52.35999],[33.40126,52.36346],[33.407,52.36687],[33.39554,52.37009],[33.38056,52.37164],[33.37329,52.3702],[33.36996,52.36153],[33.36383,52.36054],[33.36075,52.36362],[33.35121,52.35309],[33.33675,52.35187],[33.32147,52.35502],[33.31364,52.35492],[33.31,52.35379],[33.30638,52.35014],[33.28933,52.35763],[33.20819,52.37611],[33.20648,52.37333],[33.19633,52.37401],[33.19601,52.37943],[33.19253,52.37975],[33.18866,52.37953],[33.18886,52.37353],[33.16991,52.37309],[33.17092,52.36957],[33.17466,52.36608],[33.1714,52.36149],[33.16956,52.34085],[33.1562,52.33841],[33.14418,52.34429],[33.13696,52.34591],[33.13396,52.34501],[33.12913,52.3418],[33.12875,52.33862],[33.1181,52.32899],[33.10962,52.32457],[33.10651,52.32647],[33.0814,52.3091],[33.07261,52.30753],[33.07327,52.30487],[33.06742,52.30296],[33.06133,52.30656],[33.0617,52.3089],[33.05968,52.31099],[33.06231,52.31608],[33.06637,52.31399],[33.0735,52.31612],[33.07059,52.31784],[33.07299,52.32522],[33.07172,52.32751],[33.05957,52.33077],[33.05436,52.32566],[33.05847,52.31924],[33.04319,52.31434],[33.04476,52.30788],[33.02406,52.29986],[33.0185,52.29357],[33.00666,52.28927],[32.9965,52.28801],[32.99985,52.28096],[32.99874,52.27689],[32.99613,52.27709],[32.99598,52.27246],[32.96153,52.27363],[32.94364,52.26372],[32.91021,52.2503],[32.90695,52.24562],[32.90197,52.24529],[32.88734,52.24536],[32.87982,52.25916],[32.8856,52.26929],[32.88454,52.27403],[32.85693,52.27457],[32.83351,52.27926],[32.81705,52.25894],[32.79691,52.2654],[32.77898,52.26184],[32.77817,52.25963],[32.77167,52.26005],[32.76294,52.25658],[32.76059,52.26322],[32.75481,52.26724],[32.72651,52.25711],[32.717,52.25915],[32.70068,52.24795],[32.7002,52.25487],[32.6901,52.25587],[32.68513,52.26631],[32.67262,52.27208],[32.67027,52.27495],[32.66212,52.27904],[32.63873,52.28679],[32.62435,52.29719],[32.61208,52.30086],[32.60786,52.30475],[32.59393,52.30398],[32.59023,52.30209],[32.57723,52.30025],[32.57153,52.31017],[32.5502,52.32686],[32.50171,52.3273],[32.49954,52.32125],[32.48939,52.31454],[32.471,52.32414],[32.46705,52.32385],[32.46032,52.32688],[32.43403,52.32173],[32.40567,52.33708],[32.40072,52.3381],[32.39431,52.33369],[32.38752,52.33759],[32.3766,52.33757],[32.3562,52.32827],[32.35167,52.31652],[32.36294,52.30228],[32.36721,52.29019],[32.36692,52.28413],[32.36949,52.27696],[32.37336,52.27386],[32.38219,52.27927],[32.39336,52.27837],[32.38308,52.26997],[32.38714,52.25932],[32.39061,52.25776],[32.38859,52.25601],[32.38968,52.25413],[32.3945,52.25215],[32.39505,52.25049],[32.40042,52.25014],[32.39872,52.24953],[32.40167,52.24779],[32.39442,52.24671],[32.38907,52.24266],[32.38209,52.2405],[32.36987,52.24111],[32.36179,52.24006],[32.3616,52.2388],[32.34675,52.24466],[32.34468,52.24246],[32.34762,52.24152],[32.34469,52.23955],[32.34214,52.24035],[32.3244,52.22373],[32.32459,52.21526],[32.32949,52.20821],[32.33058,52.20313],[32.34471,52.19542],[32.34718,52.18336],[32.34275,52.18229],[32.34187,52.18045],[32.33989,52.18088],[32.33832,52.17548],[32.33472,52.17629],[32.33909,52.17393],[32.33294,52.1708],[32.33359,52.1698],[32.33206,52.16911],[32.33361,52.16793],[32.33166,52.16685],[32.3304,52.16805],[32.33005,52.1648],[32.3281,52.16472],[32.32917,52.16325],[32.32622,52.16308],[32.32725,52.16051],[32.32526,52.16026],[32.32685,52.15881],[32.32948,52.15918],[32.32672,52.15683],[32.32641,52.1531],[32.32383,52.15158],[32.32602,52.14981],[32.33065,52.15652],[32.36536,52.15601],[32.36874,52.14836],[32.3679,52.1465],[32.35997,52.14044],[32.33469,52.14062],[32.32954,52.13298],[32.32036,52.13662],[32.31767,52.12217],[32.30408,52.12066],[32.3011,52.12211],[32.29684,52.11959],[32.29525,52.12003],[32.29572,52.12109],[32.2942,52.12059],[32.29339,52.11791],[32.29551,52.11789],[32.29413,52.11666],[32.29533,52.11339],[32.29716,52.11371],[32.29646,52.1122],[32.29829,52.1113],[32.29163,52.10853],[32.29052,52.10312],[32.28659,52.10338],[32.28637,52.10144],[32.27929,52.10004],[32.27903,52.09794],[32.27702,52.09721],[32.27057,52.09758],[32.26358,52.09258],[32.26075,52.09293],[32.26227,52.09207],[32.26022,52.09089],[32.25208,52.09075],[32.25253,52.0889],[32.24288,52.08955],[32.23798,52.08861],[32.23818,52.08678],[32.22442,52.08717],[32.22448,52.08572],[32.22193,52.08508],[32.22353,52.08361],[32.2225,52.0806],[32.21821,52.08211],[32.21168,52.08013],[32.20783,52.07775],[32.20931,52.07701],[32.20767,52.07432],[32.20333,52.07492],[32.19805,52.07257],[32.20151,52.07152],[32.20276,52.06906],[32.19942,52.06609],[32.19936,52.06858],[32.19295,52.06702],[32.19154,52.07083],[32.18294,52.07258],[32.1761,52.07091],[32.17733,52.07001],[32.17582,52.06896],[32.17055,52.07158],[32.16808,52.07035],[32.16459,52.07199],[32.16277,52.07013],[32.15601,52.07175],[32.15359,52.06926],[32.14721,52.06914],[32.14859,52.06759],[32.14641,52.06544],[32.14852,52.0627],[32.14371,52.06068],[32.14558,52.05932],[32.1442,52.05825],[32.14715,52.05781],[32.13761,52.05237],[32.13404,52.05259],[32.13606,52.05376],[32.1335,52.05436],[32.13021,52.04934],[32.13383,52.04391],[32.12576,52.04592],[32.10156,52.0456],[32.09601,52.04407],[32.09616,52.03361],[32.06594,52.03489],[32.04476,52.03929],[32.0352,52.04455],[32.01979,52.04928],[31.96223,52.0532],[31.95325,52.04668],[31.94921,52.04575],[31.94919,52.04697],[31.94159,52.04771],[31.94109,52.04924],[31.93559,52.04785],[31.93686,52.04676],[31.93208,52.0449],[31.92492,52.04321],[31.92003,52.04484],[31.91912,52.04251],[31.91646,52.04226],[31.91533,52.04331],[31.9173,52.04764],[31.92832,52.04659],[31.9285,52.05062],[31.9174,52.05255],[31.91845,52.05498],[31.92121,52.05694],[31.9275,52.05636],[31.92883,52.059],[31.9427,52.05697],[31.94427,52.06111],[31.95817,52.06831],[31.96063,52.07464],[31.95378,52.0819],[31.9501,52.08259],[31.94873,52.08115],[31.94747,52.08225],[31.94056,52.08004],[31.94154,52.08356],[31.93704,52.08404],[31.93121,52.09064],[31.91621,52.09713],[31.90801,52.09839],[31.90197,52.1028],[31.8927,52.10577],[31.87335,52.10789],[31.86762,52.1105],[31.84651,52.10997],[31.81953,52.09847],[31.81059,52.0987],[31.79765,52.10211],[31.7936,52.10623],[31.79323,52.10879],[31.78755,52.1121],[31.77254,52.11181],[31.75695,52.1049],[31.74839,52.10403],[31.72194,52.09596],[31.71414,52.10713],[31.69827,52.10705],[31.69418,52.11056],[31.66073,52.11686],[31.6539,52.11418],[31.62333,52.11485],[31.6075,52.11198],[31.59701,52.11571],[31.5957,52.11399],[31.58218,52.11785],[31.56323,52.12048],[31.54664,52.12041],[31.53551,52.12445],[31.5185,52.12521],[31.49841,52.11782],[31.49089,52.1174],[31.489,52.11591],[31.48344,52.11656],[31.47637,52.1197],[31.4641,52.1215],[31.45989,52.12861],[31.45569,52.13088],[31.45409,52.13864],[31.45215,52.14041],[31.44244,52.14019],[31.43867,52.14212],[31.43432,52.14111],[31.43198,52.1434],[31.42713,52.14061],[31.42072,52.13959],[31.41436,52.14203],[31.40341,52.14267],[31.40297,52.14039],[31.39695,52.13966],[31.39007,52.13395],[31.37761,52.13424],[31.3881,52.12153],[31.37709,52.1191],[31.37266,52.11502],[31.32514,52.10641],[31.3225,52.1],[31.32296,52.09564],[31.32083,52.09208],[31.31124,52.08682],[31.32148,52.0827],[31.29752,52.05162],[31.253,52.04223],[31.23264,52.04918],[31.21934,52.05093],[31.21421,52.05634],[31.21755,52.05718],[31.21369,52.0594],[31.21182,52.06339],[31.21575,52.07106],[31.19288,52.07548],[31.17884,52.07483],[31.17777,52.07615],[31.16119,52.07795],[31.15717,52.08057],[31.15644,52.08345],[31.15439,52.08377],[31.15646,52.08576],[31.15272,52.0851],[31.14929,52.0871],[31.15065,52.08889],[31.14623,52.09174],[31.14558,52.09463],[31.14419,52.09448],[31.14473,52.09857],[31.14279,52.09884],[31.14378,52.10034],[31.13992,52.10311],[31.13649,52.10331],[31.12584,52.09958],[31.12589,52.09733],[31.11691,52.09651],[31.09834,52.08954],[31.07009,52.09071],[31.05026,52.08579],[31.0374,52.08585],[30.99298,52.07818],[30.9771,52.07889],[30.96378,52.08134],[30.9654,52.09018],[30.9586,52.09085],[30.95697,52.0902],[30.95758,52.08856],[30.94971,52.08968],[30.95269,52.08105],[30.95221,52.07519],[30.94602,52.07343],[30.9364,52.07577],[30.93216,52.07225],[30.9358,52.06456],[30.94485,52.06053],[30.94872,52.05515],[30.94334,52.04565],[30.93627,52.04336],[30.93353,52.0401],[30.93771,52.03149],[30.94542,52.02627],[30.9391,52.0203],[30.93985,52.0135],[30.93617,52.01258],[30.92497,52.01565],[30.91757,52.01006],[30.91074,52.0091],[30.9043,52.00476],[30.89555,52.00286],[30.8924,51.9982],[30.89346,51.99526],[30.90839,51.99262],[30.91117,51.98861],[30.90867,51.9856],[30.90404,51.98444],[30.89041,51.98637],[30.88559,51.98501],[30.88428,51.98099],[30.89096,51.97396],[30.89001,51.96938],[30.87347,51.96686],[30.86354,51.9722],[30.85895,51.97211],[30.85402,51.96856],[30.84883,51.96164],[30.83628,51.96138],[30.83667,51.9547],[30.83485,51.95271],[30.83052,51.9521],[30.82398,51.95536],[30.8188,51.95588],[30.81459,51.95115],[30.80514,51.94685],[30.81171,51.93681],[30.8237,51.92551],[30.82498,51.92075],[30.8228,51.91794],[30.8045,51.90612],[30.80258,51.89906],[30.79351,51.89716],[30.75627,51.90409],[30.74967,51.90358],[30.74232,51.89591],[30.74326,51.89182],[30.73961,51.88385],[30.73471,51.8803],[30.72435,51.87741],[30.7199,51.87267],[30.70689,51.86846],[30.70066,51.85768],[30.69831,51.84402],[30.69463,51.83746],[30.68258,51.83299],[30.67635,51.83423],[30.66995,51.83302],[30.65397,51.82624],[30.65232,51.8243],[30.65283,51.82217],[30.67122,51.8026],[30.6723,51.79932],[30.66976,51.79111],[30.66154,51.78518],[30.65518,51.78451],[30.65437,51.7794],[30.65924,51.77655],[30.65623,51.77335],[30.64752,51.77227],[30.6322,51.77621],[30.62645,51.77295],[30.61855,51.7712],[30.61373,51.76685],[30.61302,51.76226],[30.61643,51.75941],[30.62239,51.7595],[30.63525,51.76453],[30.64102,51.76525],[30.64685,51.76411],[30.65121,51.76003],[30.64825,51.75048],[30.62475,51.73194],[30.62608,51.71956],[30.62552,51.71433],[30.62314,51.71172],[30.6151,51.70851],[30.60554,51.70787],[30.588,51.7111],[30.57582,51.71149],[30.56572,51.70843],[30.56033,51.70414],[30.55973,51.70099],[30.56458,51.69336],[30.57487,51.68439],[30.57023,51.67144],[30.57128,51.66754],[30.5678,51.66629],[30.56442,51.66265],[30.55242,51.66324],[30.53823,51.67224],[30.53484,51.67659],[30.53057,51.67749],[30.52283,51.6762],[30.5186,51.67115],[30.51705,51.66747],[30.51862,51.66308],[30.53529,51.65836],[30.52651,51.64511],[30.51346,51.64066],[30.50963,51.63371],[30.50932,51.62678],[30.52012,51.62343],[30.53546,51.62216],[30.53039,51.61781],[30.53391,51.61247],[30.53809,51.61138],[30.53985,51.61417],[30.5441,51.6145],[30.55453,51.61082],[30.55727,51.60658],[30.55387,51.60269],[30.54749,51.6005],[30.5367,51.60527],[30.52896,51.60219],[30.51157,51.60413],[30.5073,51.60189],[30.50625,51.59811],[30.51143,51.59357],[30.52141,51.58951],[30.5285,51.58294],[30.54474,51.58375],[30.55373,51.57887],[30.55458,51.57626],[30.5517,51.57311],[30.53428,51.57502],[30.52917,51.57301],[30.52676,51.56958],[30.52843,51.56308],[30.54193,51.55189],[30.54572,51.54163],[30.55019,51.54015],[30.55437,51.54083],[30.5642,51.54977],[30.57105,51.55277],[30.57832,51.55219],[30.58235,51.54827],[30.58619,51.53954],[30.56959,51.52238],[30.56744,51.51477],[30.56835,51.51144],[30.58044,51.50393],[30.58554,51.49887],[30.58782,51.4948],[30.58829,51.48212],[30.59299,51.47637],[30.60503,51.47062],[30.61922,51.47104],[30.62216,51.46894],[30.62269,51.46619],[30.62052,51.46057],[30.61202,51.45738],[30.61102,51.4588],[30.60324,51.45911],[30.59161,51.45599],[30.58117,51.4506],[30.57908,51.44645],[30.58675,51.42955],[30.59211,51.42386],[30.6005,51.42398],[30.6116,51.43097],[30.6174,51.43104],[30.62172,51.42906],[30.62317,51.42606],[30.6219,51.42296],[30.62748,51.41994],[30.63211,51.4076],[30.6557,51.37618],[30.65256,51.37097],[30.64087,51.36767],[30.63637,51.36442],[30.63476,51.36082],[30.63664,51.35734],[30.64911,51.35177],[30.65595,51.3463],[30.65654,51.34263],[30.65156,51.33542],[30.64803,51.33296],[30.62854,51.3337],[30.62213,51.33259],[30.61237,51.32283],[30.60196,51.31805],[30.5936,51.31184],[30.59572,51.30917],[30.61387,51.30787],[30.61416,51.306],[30.60965,51.30345],[30.60386,51.30533],[30.59995,51.30434],[30.59985,51.30266],[30.60297,51.30078],[30.61241,51.30088],[30.61839,51.30583],[30.62249,51.30468],[30.61652,51.29812],[30.6188,51.28942],[30.61513,51.28489],[30.60709,51.28021],[30.5943,51.28096],[30.58838,51.27918],[30.57695,51.27414],[30.57,51.26755],[30.53862,51.26269],[30.50451,51.27983],[30.46356,51.27277],[30.45351,51.27344],[30.4516,51.27632],[30.45428,51.27861],[30.45094,51.28096],[30.45091,51.28274],[30.4525,51.28575],[30.45756,51.28572],[30.46412,51.29096],[30.45812,51.2986],[30.46382,51.30659],[30.44358,51.30848],[30.42397,51.30558],[30.39756,51.31271],[30.39153,51.32146],[30.34304,51.35158],[30.32418,51.36051],[30.34314,51.36988],[30.34643,51.37586],[30.35754,51.37874],[30.35486,51.38888],[30.35179,51.3901],[30.34814,51.39913],[30.34643,51.41374],[30.34242,51.42044],[30.35172,51.42299],[30.33459,51.42617],[30.32236,51.43364],[30.31958,51.43936],[30.31139,51.44304],[30.30919,51.44695],[30.28846,51.46355],[30.28386,51.46396],[30.26977,51.47015],[30.24667,51.48553],[30.2124,51.49314],[30.18017,51.51252],[30.16855,51.50925],[30.16395,51.489],[30.14792,51.49321],[30.1339,51.50091],[30.1331,51.50476],[30.12798,51.50606],[30.12097,51.50461],[30.12651,51.49053],[30.11739,51.48738],[30.07048,51.49903],[30.05168,51.49857],[30.03583,51.50392],[30.02662,51.50332],[30.01423,51.50509],[30.01257,51.50368],[30.01697,51.50282],[30.02066,51.49938],[30.02109,51.49655],[30.01739,51.49561],[30.01491,51.4902],[30.00813,51.48934],[30.00401,51.48616],[29.99088,51.48247],[29.98515,51.48637],[29.97707,51.48626],[29.97292,51.48312],[29.97083,51.47404],[29.96239,51.47093],[29.95524,51.47166],[29.94933,51.47479],[29.9472,51.47847],[29.94901,51.48397],[29.94478,51.48651],[29.93663,51.48883],[29.93234,51.49209],[29.92659,51.49209],[29.92298,51.48814],[29.91526,51.48668],[29.91114,51.48762],[29.90685,51.48531],[29.89363,51.48531],[29.89268,51.48368],[29.89388,51.48024],[29.88564,51.47844],[29.88633,51.47561],[29.89157,51.47389],[29.88908,51.46273],[29.87878,51.45784],[29.87972,51.45355],[29.8829,51.44986],[29.88135,51.44625],[29.85835,51.4502],[29.85217,51.44986],[29.84994,51.45544],[29.84651,51.45835],[29.81715,51.44977],[29.81346,51.45999],[29.79441,51.4581],[29.79775,51.44651],[29.79733,51.44171],[29.78617,51.44668],[29.77046,51.44926],[29.74926,51.45707],[29.74428,51.45741],[29.74634,51.46488],[29.73819,51.47467],[29.73475,51.48127],[29.73518,51.48668],[29.73175,51.49243],[29.74217,51.49319],[29.74634,51.50204],[29.74454,51.50625],[29.73948,51.50934],[29.73948,51.512],[29.74523,51.51312],[29.74634,51.51535],[29.74291,51.52144],[29.74042,51.53105],[29.72969,51.52925],[29.71673,51.52994],[29.71107,51.52754],[29.70969,51.52307],[29.70197,51.51904],[29.69175,51.51766],[29.67673,51.51217],[29.67416,51.50985],[29.67467,51.50565],[29.67278,51.50299],[29.66781,51.5023],[29.65459,51.50634],[29.64643,51.49921],[29.64326,51.49895],[29.63888,51.50419],[29.63365,51.50634],[29.62455,51.4944],[29.61596,51.49277],[29.60884,51.49372],[29.60868,51.48719],[29.60678,51.48316],[29.60979,51.47938],[29.6091,51.47467],[29.60592,51.47158],[29.58541,51.46393],[29.57932,51.46239],[29.54215,51.48273],[29.5388,51.48247],[29.53478,51.47435],[29.53623,51.47029],[29.53554,51.46273],[29.52172,51.45243],[29.51915,51.44368],[29.52353,51.43887],[29.52215,51.42995],[29.52327,51.42377],[29.52078,51.42239],[29.51735,51.42454],[29.51511,51.42411],[29.50236,51.40214],[29.49569,51.39677],[29.4643,51.40394],[29.4516,51.40892],[29.42156,51.4151],[29.39581,51.40823],[29.39032,51.40445],[29.38285,51.40222],[29.3692,51.38943],[29.36328,51.38926],[29.35624,51.38454],[29.3444,51.38411],[29.34028,51.38574],[29.3262,51.37767],[29.32182,51.38617],[29.32047,51.39495],[29.3229,51.3991],[29.32474,51.40995],[29.32208,51.41741],[29.31659,51.42145],[29.31573,51.43372],[29.30792,51.44488],[29.30723,51.44763],[29.30912,51.45423],[29.29496,51.45947],[29.27539,51.45878],[29.27178,51.46582],[29.27135,51.47698],[29.25857,51.48428],[29.25101,51.49561],[29.25101,51.50342],[29.25556,51.51878],[29.25513,51.52384],[29.26123,51.5277],[29.25652,51.53376],[29.25856,51.54278],[29.25632,51.54655],[29.25837,51.54942],[29.25413,51.55674],[29.25213,51.56718],[29.24195,51.56919],[29.21385,51.56674],[29.21619,51.56902],[29.20875,51.57385],[29.20869,51.57714],[29.20207,51.58193],[29.20522,51.5844],[29.20434,51.60741],[29.17753,51.6076],[29.17747,51.6116],[29.18594,51.61984],[29.18871,51.62785],[29.16802,51.62687],[29.17328,51.62327],[29.15604,51.62671],[29.15946,51.63355],[29.15862,51.63912],[29.1656,51.63977],[29.17381,51.64771],[29.17885,51.64671],[29.17445,51.6488],[29.17554,51.65116],[29.17313,51.6495],[29.16541,51.65344],[29.16182,51.65253],[29.16218,51.65068],[29.16133,51.65169],[29.15938,51.64974],[29.14753,51.65222],[29.14068,51.64921],[29.13169,51.65179],[29.12953,51.65016],[29.12245,51.65043],[29.11934,51.65296],[29.1158,51.65271],[29.1216,51.6609],[29.11754,51.66164],[29.11611,51.6573],[29.10618,51.65118],[29.10731,51.65025],[29.10093,51.64547],[29.09381,51.64313],[29.09526,51.63497],[29.09041,51.62766],[29.07453,51.62653],[29.06297,51.62078],[29.04837,51.60985],[29.04876,51.6075],[29.03901,51.60196],[29.03037,51.59031],[28.99938,51.57352],[28.98253,51.5732],[28.97498,51.57835],[28.96952,51.59162],[28.9277,51.58805],[28.91255,51.5902],[28.88418,51.58391],[28.88162,51.58281],[28.88131,51.57887],[28.87822,51.57607],[28.86994,51.5748],[28.86602,51.56957],[28.8424,51.56278],[28.83648,51.55824],[28.82859,51.55984],[28.81963,51.55882],[28.8071,51.54826],[28.80512,51.53834],[28.79729,51.53374],[28.79002,51.52567],[28.78141,51.51086],[28.76161,51.48735],[28.76088,51.48262],[28.77549,51.47342],[28.7738,51.47138],[28.77763,51.46261],[28.78608,51.45529],[28.78067,51.45623],[28.77878,51.4489],[28.77162,51.44599],[28.76629,51.43105],[28.76635,51.42752],[28.75293,51.41456],[28.7499,51.41533],[28.74753,51.42504],[28.73912,51.42584],[28.74186,51.42891],[28.73367,51.43456],[28.73565,51.44446],[28.73429,51.4529],[28.73658,51.46641],[28.72496,51.4611],[28.72186,51.45731],[28.71981,51.45055],[28.71586,51.44857],[28.69749,51.44143],[28.68382,51.44426],[28.65123,51.52336],[28.65513,51.52652],[28.64682,51.55045],[28.66002,51.558],[28.66012,51.56232],[28.65858,51.56675],[28.65054,51.56993],[28.6479,51.57269],[28.55433,51.57222],[28.55439,51.582],[28.52272,51.58197],[28.51791,51.58859],[28.51248,51.59068],[28.46744,51.59312],[28.45086,51.58488],[28.43391,51.57295],[28.39128,51.55038],[28.36317,51.54172],[28.35949,51.53938],[28.35245,51.53997],[28.3495,51.54271],[28.35372,51.55069],[28.35452,51.55724],[28.34265,51.57679],[28.33138,51.58391],[28.32469,51.59042],[28.32189,51.59042],[28.31158,51.59839],[28.31111,51.60097],[28.28134,51.62358],[28.25613,51.61967],[28.25311,51.62708],[28.25855,51.63785],[28.26469,51.66091],[28.26403,51.66309],[28.26965,51.67118],[28.2679,51.67639],[28.25938,51.68114],[28.25701,51.67894],[28.24583,51.67677],[28.23689,51.67223],[28.234,51.66805],[28.22849,51.66553],[28.22494,51.66573],[28.17078,51.64458],[28.16727,51.62818],[28.16849,51.62497],[28.15212,51.60873],[28.1528,51.6066],[28.15103,51.60775],[28.14902,51.60487],[28.12928,51.60849],[28.12907,51.60497],[28.12048,51.5981],[28.11762,51.58355],[28.1093,51.58266],[28.10436,51.57906],[28.08155,51.57397],[28.0728,51.58009],[28.06353,51.57222],[28.04942,51.56675],[27.94579,51.55818],[27.94407,51.55929],[27.94458,51.56221],[27.96072,51.57208],[27.96227,51.57714],[27.9681,51.57981],[27.96715,51.58223],[27.97492,51.59405],[27.96712,51.59561],[27.96064,51.5919],[27.95763,51.59268],[27.95093,51.58619],[27.94897,51.58294],[27.95036,51.58204],[27.94439,51.5792],[27.92026,51.57789],[27.92442,51.59412],[27.92214,51.60649],[27.91987,51.60642],[27.91057,51.61371],[27.90403,51.61319],[27.89821,51.61523],[27.8987,51.61382],[27.88652,51.61386],[27.88796,51.61491],[27.88629,51.61612],[27.88859,51.61648],[27.88476,51.6179],[27.88353,51.6208],[27.87869,51.62164],[27.87778,51.62265],[27.87969,51.62342],[27.86579,51.62885],[27.82902,51.61216],[27.83999,51.60797],[27.83548,51.60184],[27.82911,51.5968],[27.82877,51.58234],[27.8248,51.57683],[27.82767,51.57535],[27.82904,51.57358],[27.82752,51.57224],[27.83148,51.56983],[27.83423,51.5629],[27.83681,51.56218],[27.83766,51.55907],[27.83946,51.55835],[27.83585,51.55556],[27.84006,51.55487],[27.84098,51.55279],[27.83922,51.55137],[27.84059,51.54973],[27.84422,51.5506],[27.84976,51.54648],[27.8484,51.5438],[27.84399,51.53988],[27.83263,51.53487],[27.80684,51.53312],[27.7961,51.5223],[27.77996,51.50076],[27.76975,51.49269],[27.76837,51.47776],[27.76365,51.47449],[27.7591,51.47406],[27.74202,51.47741],[27.72254,51.49234],[27.71018,51.49775],[27.69765,51.4981],[27.684,51.50942],[27.66881,51.51784],[27.67823,51.51961],[27.67641,51.53951],[27.72324,51.56285],[27.72683,51.56668],[27.73464,51.59371],[27.73104,51.59483],[27.7276,51.60461],[27.70546,51.6071],[27.69447,51.60667],[27.68838,51.61294],[27.66975,51.61225],[27.6531,51.61757],[27.64546,51.61191],[27.62898,51.60659],[27.61885,51.60541],[27.55017,51.63727],[27.54268,51.62266],[27.53781,51.62225],[27.51721,51.63765],[27.50735,51.62984],[27.51254,51.60678],[27.52655,51.60724],[27.51337,51.59107],[27.50315,51.58666],[27.48157,51.59392],[27.47973,51.60105],[27.48757,51.61016],[27.48272,51.61487],[27.47283,51.60794],[27.46848,51.60666],[27.45531,51.61133],[27.45472,51.61995],[27.42695,51.6139],[27.42731,51.60587],[27.39276,51.60493],[27.35925,51.61597],[27.34411,51.60626],[27.26737,51.60622],[27.26838,51.60233],[27.24036,51.60181],[27.24865,51.60937],[27.24923,51.61171],[27.24474,51.62116],[27.27339,51.64658],[27.27301,51.65442],[27.25026,51.66729],[27.21576,51.66436],[27.20819,51.66793],[27.20235,51.77327],[26.99444,51.76882],[26.94825,51.73608],[26.91077,51.7483],[26.90971,51.75004],[26.89533,51.74654],[26.88553,51.74999],[26.87681,51.74755],[26.87465,51.75011],[26.84619,51.76618],[26.817,51.76274],[26.80685,51.75534],[26.79096,51.75709],[26.78668,51.7616],[26.79128,51.76488],[26.78722,51.7666],[26.78008,51.76499],[26.76135,51.77534],[26.75321,51.77269],[26.75176,51.77392],[26.75588,51.77423],[26.75364,51.7769],[26.7573,51.77795],[26.75425,51.7796],[26.75873,51.78058],[26.75784,51.78305],[26.75676,51.78087],[26.75452,51.78109],[26.75657,51.78454],[26.75512,51.78482],[26.75564,51.78615],[26.76034,51.78508],[26.75841,51.7867],[26.75905,51.78979],[26.75644,51.78996],[26.75913,51.7926],[26.75637,51.79475],[26.75121,51.79562],[26.75083,51.7974],[26.75366,51.79864],[26.75158,51.79976],[26.75742,51.80164],[26.74934,51.80799],[26.74403,51.80894],[26.72916,51.81573],[26.71673,51.81166],[26.70846,51.81134],[26.70409,51.81275],[26.6936,51.8233],[26.66173,51.82483],[26.61159,51.82427],[26.60235,51.82866],[26.59474,51.82863],[26.59262,51.83033],[26.59017,51.82052],[26.5522,51.81214],[26.55597,51.80406],[26.5467,51.79602],[26.47089,51.80049],[26.47016,51.81288],[26.43885,51.81858],[26.42736,51.83307],[26.39571,51.83115],[26.39478,51.87683],[26.372,51.86221],[26.32998,51.86416],[26.30385,51.85976],[26.28988,51.86827],[26.27795,51.86544],[26.27549,51.87028],[26.27304,51.87093],[26.22742,51.86961],[26.22095,51.87083],[26.2212,51.8664],[26.21735,51.86726],[26.19008,51.86245],[26.17652,51.8685],[26.17151,51.86602],[26.17097,51.8685],[26.1682,51.8664],[26.1621,51.86751],[26.15511,51.86422],[26.1551,51.88023],[26.15254,51.8782],[26.14586,51.87806],[26.14163,51.87432],[26.13316,51.879],[26.128,51.88875],[26.12316,51.893],[26.11244,51.89764],[26.10916,51.89711],[26.10661,51.89925],[26.10353,51.89931],[26.09377,51.91077],[26.09439,51.91203],[26.04781,51.91362],[26.04322,51.92547],[25.99993,51.9301],[25.99906,51.93304],[25.99537,51.93342],[25.99476,51.93199],[25.98598,51.9311],[25.98449,51.92872],[25.98121,51.92983],[25.97838,51.92892],[25.97679,51.92624],[25.97506,51.92693],[25.97236,51.92538],[25.97288,51.92753],[25.96709,51.92715],[25.96763,51.92346],[25.9664,51.92216],[25.9655,51.92475],[25.95983,51.9239],[25.95861,51.92242],[25.95688,51.92349],[25.95329,51.92166],[25.95576,51.9204],[25.95522,51.91923],[25.95026,51.9205],[25.94995,51.92231],[25.9433,51.92079],[25.94354,51.91878],[25.93884,51.9178],[25.93704,51.9157],[25.9332,51.91763],[25.92404,51.91549],[25.90414,51.92137],[25.89266,51.91923],[25.87976,51.92241],[25.8732,51.92102],[25.86415,51.92544],[25.8336,51.92629],[25.82548,51.92464],[25.8186,51.92868],[25.81964,51.93716],[25.82446,51.93706],[25.82387,51.94305],[25.81008,51.94618],[25.7815,51.94552],[25.78129,51.94958],[25.77707,51.94986],[25.76546,51.95007],[25.77506,51.9324],[25.77047,51.93268],[25.76748,51.93015],[25.77221,51.92161],[25.75848,51.92388],[25.70933,51.91617],[25.59596,51.92385],[25.52726,51.94046],[25.51791,51.92618],[25.50881,51.92194],[25.50043,51.92734],[25.49449,51.92701],[25.49505,51.92798],[25.49176,51.92969],[25.48789,51.9302],[25.48648,51.9294],[25.48601,51.92256],[25.45828,51.9192],[25.45865,51.92106],[25.44783,51.92184],[25.40997,51.92173],[25.40574,51.92525],[25.37114,51.92802],[25.36599,51.93401],[25.35939,51.93458],[25.35028,51.93204],[25.34346,51.93272],[25.33668,51.93923],[25.32077,51.94084],[25.32008,51.94446],[25.30928,51.94909],[25.30235,51.95404],[25.29098,51.95559],[25.2893,51.95932],[25.27078,51.96347],[25.26358,51.96853],[25.24512,51.9669],[25.23413,51.96119],[25.22668,51.96076],[25.21362,51.96662],[25.19138,51.96927],[25.18022,51.96541],[25.1652,51.96311],[25.15609,51.95667],[25.14165,51.95342],[25.11701,51.9513],[25.10018,51.9535],[25.08007,51.94725],[25.06773,51.94095],[25.05746,51.93874],[25.02036,51.91887],[24.99465,51.91508],[24.99374,51.91275],[24.98047,51.9044],[24.96471,51.89789],[24.93401,51.89157],[24.91453,51.91687],[24.90427,51.91112],[24.88031,51.90692],[24.8431,51.89601],[24.83479,51.91318],[24.8102,51.91185],[24.80391,51.90914],[24.80218,51.90529],[24.79633,51.90125],[24.79283,51.89657],[24.78667,51.89524],[24.76705,51.88433],[24.74969,51.88106],[24.73511,51.88493],[24.71406,51.89645],[24.67184,51.89265],[24.6629,51.89956],[24.62523,51.90273],[24.6046,51.90131],[24.57829,51.89578],[24.57332,51.89426],[24.56756,51.88961],[24.53703,51.88729],[24.51679,51.88865],[24.47785,51.8823],[24.38746,51.88188],[24.37846,51.87876],[24.37256,51.87853],[24.34696,51.86367],[24.33981,51.86418],[24.33426,51.85612],[24.34029,51.84956],[24.33791,51.84568],[24.33461,51.84473],[24.32503,51.83468],[24.31169,51.82593],[24.29908,51.8141],[24.30034,51.81221],[24.29692,51.80903],[24.29467,51.79922],[24.30571,51.77975],[24.30739,51.76901],[24.31969,51.75112],[24.26844,51.71621],[24.12039,51.66652],[24.10031,51.63983],[24.07613,51.61954],[24.02997,51.60292],[24.0173,51.59615],[24.01756,51.59134],[24.01341,51.58828],[23.99651,51.58009],[23.97377,51.58681],[23.9569,51.58833],[23.9433,51.59569],[23.92813,51.59764],[23.9037,51.59782],[23.88244,51.59224],[23.87718,51.59809],[23.88029,51.6084],[23.88923,51.61324],[23.91277,51.63145],[23.86705,51.64279],[23.84622,51.6404],[23.82757,51.64545],[23.80363,51.64034],[23.78849,51.64048],[23.78759,51.6473],[23.78861,51.65377],[23.79066,51.6563],[23.78987,51.6615],[23.78687,51.66582],[23.78271,51.66752],[23.755,51.65914],[23.74888,51.66007],[23.73593,51.65778],[23.71792,51.65133],[23.70308,51.6485],[23.67841,51.65306],[23.6756,51.64885],[23.66655,51.64144],[23.66026,51.63896],[23.64477,51.6393],[23.63048,51.62877],[23.62379,51.62766],[23.60589,51.62084],[23.60537,51.61681],[23.61473,51.61332],[23.6211,51.60807],[23.62535,51.60789],[23.62677,51.60435],[23.62613,51.59901],[23.6311,51.59392],[23.63085,51.5922],[23.63749,51.59376],[23.6576,51.58727],[23.66102,51.58414],[23.66471,51.57719],[23.66185,51.57116],[23.65948,51.57047],[23.66043,51.56878],[23.657,51.56729],[23.65238,51.56851],[23.64774,51.56634],[23.64725,51.56194],[23.64375,51.55809],[23.63891,51.55663],[23.63618,51.55277],[23.6363,51.54887],[23.65451,51.53598],[23.65644,51.53217],[23.66656,51.52433],[23.67151,51.51906],[23.67689,51.50663],[23.67196,51.50066],[23.67259,51.49964],[23.66885,51.49892],[23.6577,51.5011],[23.65425,51.50447],[23.64811,51.50645],[23.62588,51.50341],[23.61783,51.50818],[23.61647,51.50309],[23.6242,51.50139],[23.62456,51.49957],[23.61959,51.49696],[23.62684,51.49468],[23.63024,51.49137],[23.63609,51.49028],[23.63824,51.48559],[23.65178,51.48597],[23.65523,51.48976],[23.65901,51.49067],[23.66312,51.48812],[23.66391,51.48521],[23.66982,51.48303],[23.67144,51.47478],[23.67507,51.4734],[23.67631,51.47101],[23.67414,51.46987],[23.66781,51.4713],[23.66583,51.47021],[23.66504,51.46667],[23.66006,51.46477],[23.65439,51.45968],[23.64671,51.4591],[23.64669,51.45696],[23.65085,51.45374],[23.64872,51.45095],[23.65106,51.44972],[23.64944,51.44626],[23.66078,51.44408],[23.66775,51.44544],[23.67592,51.44121],[23.68463,51.44523],[23.68633,51.44402],[23.68587,51.44229],[23.68126,51.43739],[23.68574,51.4338],[23.67852,51.43344],[23.67699,51.42967],[23.68454,51.42647],[23.68873,51.41912],[23.69407,51.41875],[23.70085,51.42089],[23.70293,51.41955],[23.69278,51.41452],[23.69499,51.41215],[23.70216,51.4116],[23.69633,51.40788],[23.69704,51.40596],[23.70114,51.40541],[23.70275,51.40355],[23.69693,51.40296],[23.69097,51.3987],[23.68607,51.39972],[23.6819,51.39811],[23.6869,51.39572],[23.68667,51.39383],[23.68042,51.39554],[23.6769,51.39405],[23.68,51.39044],[23.68916,51.3882],[23.68482,51.38702],[23.68437,51.38366],[23.68032,51.38494],[23.67862,51.38383],[23.68116,51.38142],[23.67795,51.37703],[23.68013,51.37597],[23.68149,51.3782],[23.68437,51.37811],[23.68271,51.37242],[23.68658,51.36862],[23.68339,51.36773],[23.67818,51.36894],[23.67564,51.36647],[23.66814,51.3678],[23.66532,51.36682],[23.66551,51.36454],[23.66997,51.36101],[23.66675,51.36028],[23.66199,51.36258],[23.66088,51.36133],[23.66327,51.35977],[23.66318,51.35808],[23.65669,51.35909],[23.65649,51.35427],[23.65487,51.35259],[23.65831,51.35133],[23.6542,51.35027],[23.65359,51.34684],[23.65587,51.34483],[23.64981,51.34397],[23.65343,51.34209],[23.65759,51.34221],[23.65653,51.33941],[23.64749,51.33979],[23.64536,51.33445],[23.63577,51.32852],[23.63681,51.32671],[23.64218,51.32639],[23.63737,51.3233],[23.63557,51.31936],[23.64387,51.31338],[23.64342,51.31051],[23.63962,51.31082],[23.64097,51.30675],[23.65234,51.29959],[23.6469,51.29831],[23.65021,51.29429],[23.64597,51.29266],[23.64941,51.29014],[23.64841,51.28742],[23.65313,51.28906],[23.65737,51.28717],[23.6581,51.28948],[23.66301,51.29238],[23.66877,51.29236],[23.6684,51.29067],[23.67069,51.28997],[23.67784,51.29247],[23.67738,51.29039],[23.68081,51.29184],[23.68163,51.29036],[23.68513,51.29111],[23.68435,51.28841],[23.68795,51.28644],[23.69228,51.28662],[23.69516,51.28877],[23.69398,51.29104],[23.69501,51.29164],[23.69689,51.28894],[23.69517,51.28708],[23.6973,51.2832],[23.70062,51.28149],[23.70365,51.28199],[23.70587,51.27894],[23.70931,51.2775],[23.70545,51.27598],[23.70551,51.27476],[23.71054,51.27563],[23.71137,51.27446],[23.70951,51.27335],[23.71376,51.26929],[23.71651,51.27147],[23.71726,51.26973],[23.7205,51.26946],[23.71774,51.26824],[23.71959,51.26704],[23.7174,51.2642],[23.71981,51.26491],[23.71991,51.26343],[23.72271,51.26285],[23.72251,51.26136],[23.72663,51.26135],[23.72339,51.2605],[23.72611,51.25946],[23.72321,51.25831],[23.72516,51.25595],[23.72564,51.2509],[23.72415,51.24653],[23.72729,51.24444],[23.72989,51.24494],[23.72971,51.24165],[23.72704,51.24302],[23.72603,51.24172],[23.72736,51.23965],[23.73129,51.23866],[23.72665,51.23864],[23.72652,51.23646],[23.73886,51.2316],[23.74032,51.22886],[23.73917,51.22747],[23.74148,51.2273],[23.74297,51.22443],[23.74275,51.22084],[23.73594,51.21965],[23.73931,51.21519],[23.73919,51.21197],[23.74235,51.21215],[23.74099,51.21366],[23.74228,51.21489],[23.74601,51.21147],[23.74649,51.21285],[23.75026,51.21082],[23.7566,51.21234],[23.75787,51.21083],[23.75608,51.20957],[23.76001,51.20769],[23.76049,51.20286],[23.76313,51.20557],[23.76437,51.20457],[23.76276,51.20251],[23.76667,51.20235],[23.76856,51.19996],[23.7759,51.20037],[23.78321,51.19867],[23.78031,51.19651],[23.78344,51.19569],[23.7839,51.19343],[23.78216,51.19199],[23.7848,51.18969],[23.79718,51.1877],[23.80177,51.18516],[23.8082,51.18502],[23.8142,51.17901],[23.81211,51.17525],[23.81422,51.17071],[23.82654,51.16698],[23.82154,51.1664],[23.82423,51.16175],[23.82702,51.16297],[23.82732,51.16064],[23.82894,51.16005],[23.82921,51.16215],[23.83316,51.16134],[23.83564,51.16365],[23.83816,51.15944],[23.84075,51.16136],[23.84144,51.1642],[23.843,51.1643],[23.84436,51.16253],[23.84198,51.16068],[23.85105,51.15999],[23.849,51.15724],[23.84995,51.15521],[23.86051,51.15785],[23.86324,51.155],[23.8624,51.15159],[23.86927,51.15031],[23.86542,51.14755],[23.87138,51.14508],[23.86788,51.14203],[23.87028,51.14039],[23.86868,51.13561],[23.86984,51.12989],[23.86164,51.12756],[23.86164,51.13081],[23.86029,51.1312],[23.85528,51.12791],[23.85554,51.13018],[23.85421,51.13079],[23.85235,51.12792],[23.85355,51.12637],[23.84961,51.12397],[23.85314,51.12226],[23.85206,51.11823],[23.85729,51.11817],[23.85531,51.11431],[23.8623,51.11284],[23.85695,51.1105],[23.85881,51.10848],[23.86257,51.10795],[23.85763,51.10726],[23.8622,51.10326],[23.85686,51.09995],[23.86146,51.09686],[23.86426,51.0993],[23.86744,51.09834],[23.86785,51.09344],[23.87142,51.09488],[23.87059,51.09045],[23.87301,51.08224],[23.87653,51.07898],[23.87593,51.07707],[23.87957,51.07745],[23.87932,51.08046],[23.88501,51.08218],[23.88643,51.07882],[23.88997,51.07908],[23.89235,51.07449],[23.89626,51.07675],[23.8982,51.0741],[23.9033,51.07401],[23.90569,51.07843],[23.91109,51.0746],[23.91017,51.07215],[23.91254,51.06998],[23.90897,51.06665],[23.90877,51.06421],[23.9129,51.06325],[23.91603,51.04876],[23.9137,51.04681],[23.91993,51.04659],[23.91302,51.04176],[23.91598,51.03968],[23.92151,51.039],[23.92136,51.03664],[23.9273,51.03852],[23.93152,51.03808],[23.92337,51.0346],[23.9159,51.0284],[23.92121,51.02701],[23.91825,51.02543],[23.92729,51.02002],[23.92364,51.01887],[23.92333,51.01644],[23.93007,51.01728],[23.93566,51.0147],[23.9346,51.0129],[23.93291,51.01444],[23.92588,51.01491],[23.9256,51.01255],[23.92204,51.0128],[23.92226,51.00965],[23.91565,51.01237],[23.91476,51.01019],[23.91852,51.00938],[23.91508,51.00705],[23.92299,51.00548],[23.9293,51.00608],[23.93861,51.00296],[23.94771,50.99483],[23.95111,50.99502],[23.95675,50.99076],[23.96702,50.97833],[23.9674,50.96752],[23.97069,50.95932],[23.96815,50.95654],[23.97038,50.9503],[23.97456,50.94943],[23.97595,50.94617],[23.97974,50.94876],[23.982,50.94627],[23.98842,50.94477],[23.9958,50.93401],[23.99554,50.9309],[23.99734,50.92832],[24.00612,50.92535],[24.01102,50.91981],[24.02415,50.91623],[24.03412,50.90925],[24.0394,50.90349],[24.0472,50.90081],[24.05131,50.89704],[24.04993,50.89406],[24.05235,50.89141],[24.05544,50.89064],[24.06034,50.89237],[24.07271,50.89108],[24.08007,50.8896],[24.0828,50.88703],[24.0865,50.88907],[24.09953,50.87676],[24.11264,50.87566],[24.11581,50.87299],[24.11641,50.8699],[24.1224,50.87185],[24.12585,50.86833],[24.13614,50.86671],[24.1388,50.86925],[24.14574,50.86901],[24.14328,50.85821],[24.13461,50.85246],[24.13206,50.849],[24.12437,50.84724],[24.12395,50.84505],[24.1177,50.84469],[24.11568,50.84166],[24.10723,50.83869],[24.10061,50.83817],[24.10016,50.83595],[24.0854,50.83541],[24.08055,50.83668],[24.08173,50.83473],[24.07699,50.83548],[24.07462,50.83402],[24.06465,50.83625],[24.06359,50.83409],[24.06089,50.83542],[24.05594,50.83422],[24.0526,50.83623],[24.04759,50.83575],[24.04367,50.83348],[24.0399,50.83649],[24.04738,50.83808],[24.03449,50.83955],[24.03415,50.83669],[24.03244,50.83577],[24.02876,50.83842],[24.0306,50.84013],[24.02991,50.84114],[24.02668,50.84125],[24.02697,50.83808],[24.02454,50.84063],[24.02013,50.84167],[24.01929,50.83872],[24.00926,50.83884],[24.00694,50.84119],[23.98962,50.83744],[23.98097,50.82985],[23.98325,50.82657],[23.98037,50.8279],[23.97967,50.8243],[23.97744,50.82708],[23.97544,50.826],[23.97522,50.82238],[23.9725,50.82053],[23.9745,50.81709],[23.96841,50.81939],[23.97047,50.81598],[23.96352,50.81438],[23.9689,50.81167],[23.96677,50.80982],[23.96346,50.79899],[23.95745,50.79453],[23.9605,50.79113],[23.96533,50.7897],[23.96826,50.78576],[23.96335,50.78134],[23.96614,50.77805],[23.97038,50.7787],[23.96882,50.77497],[23.97208,50.77699],[23.9719,50.77455],[23.97847,50.77333],[23.97684,50.76946],[23.97816,50.76843],[23.98198,50.76802],[23.98083,50.77121],[23.99748,50.76919],[24.01134,50.7721],[24.02371,50.76647],[24.02492,50.75876],[24.02174,50.758],[24.02073,50.76162],[24.01406,50.76211],[24.01621,50.76023],[24.01239,50.75705],[24.01779,50.75673],[24.01115,50.75448],[24.01325,50.75347],[24.0172,50.75455],[24.01725,50.75197],[24.02366,50.75086],[24.02082,50.74956],[24.01794,50.75124],[24.01537,50.74735],[24.01768,50.74645],[24.01993,50.74866],[24.02314,50.7455],[24.02026,50.74557],[24.01615,50.73724],[24.02061,50.73775],[24.01949,50.73276],[24.01574,50.72983],[24.01975,50.73087],[24.01669,50.72296],[24.02233,50.72177],[24.02165,50.72489],[24.02375,50.72514],[24.04304,50.71735],[24.04428,50.71516],[24.04995,50.71904],[24.05309,50.71781],[24.06088,50.72065],[24.06396,50.71829],[24.06577,50.72051],[24.07173,50.72068],[24.07317,50.71777],[24.07122,50.71544],[24.07533,50.7136],[24.07148,50.71209],[24.07526,50.71111],[24.07351,50.70797],[24.06711,50.70737],[24.06999,50.70521],[24.07161,50.70247],[24.06968,50.7016],[24.07241,50.699],[24.06509,50.6868],[24.06951,50.68386],[24.06635,50.68326],[24.06339,50.68498],[24.06295,50.68071],[24.06509,50.6805],[24.06229,50.67786],[24.068,50.67747],[24.07032,50.67892],[24.07309,50.67372],[24.07376,50.67606],[24.07567,50.6736],[24.07528,50.67592],[24.07705,50.67566],[24.0792,50.67283],[24.07931,50.6747],[24.08207,50.67484],[24.08153,50.67194],[24.08671,50.66919],[24.08511,50.6681],[24.08543,50.66138],[24.09106,50.66373],[24.08826,50.65741],[24.08569,50.65525],[24.09045,50.65385],[24.08711,50.65289],[24.08913,50.65067],[24.08453,50.64956],[24.08007,50.64488],[24.08783,50.64469],[24.08515,50.64327],[24.0874,50.64188],[24.08769,50.6367],[24.09386,50.63525],[24.09822,50.63747],[24.09123,50.61912],[24.09182,50.61645],[24.0974,50.61061],[24.09865,50.59953],[24.09034,50.57793],[24.09132,50.56202],[24.07564,50.52293],[24.07011,50.50339],[24.03801,50.45512],[24.03453,50.44483],[24.00583,50.43538],[23.99754,50.41214],[23.94077,50.41391],[23.88399,50.40827],[23.80336,50.40476],[23.77883,50.4011],[23.72703,50.388],[23.70876,50.37926],[23.70311,50.37529],[23.69665,50.36617],[23.69114,50.35333],[23.69123,50.34689],[23.68633,50.33164],[23.63885,50.32051],[23.63104,50.3048],[23.61157,50.29925],[23.58101,50.266],[23.55869,50.25702],[23.50632,50.23032],[23.47015,50.21789],[23.42945,50.1842],[23.38032,50.15936],[23.34215,50.13361],[23.31395,50.11196],[23.29852,50.10706],[23.29685,50.10291],[23.28391,50.09904],[23.28008,50.10054],[23.27933,50.08629],[23.26461,50.07886],[23.23932,50.05445],[23.21599,50.04747],[23.21301,50.0311],[23.14264,49.97122],[23.11492,49.95654],[23.10749,49.94196],[23.0885,49.92485],[23.06523,49.90837],[23.03328,49.88135],[22.99547,49.84215],[22.9707,49.83865],[22.95667,49.81113],[22.96193,49.8047],[22.95441,49.80331],[22.93282,49.79329],[22.9016,49.76826],[22.89794,49.76446],[22.89678,49.75176],[22.88513,49.74463],[22.87343,49.74063],[22.8521,49.72036],[22.84779,49.71008],[22.82192,49.69453],[22.80556,49.6934],[22.78722,49.67646],[22.78331,49.65724],[22.74944,49.63126],[22.69484,49.58198],[22.68473,49.57171],[22.67817,49.5607],[22.67469,49.54916],[22.66316,49.53883],[22.64082,49.52999],[22.65124,49.50837],[22.67041,49.49752],[22.69669,49.49513],[22.70044,49.48842],[22.71286,49.43755],[22.72554,49.40983],[22.73246,49.3986],[22.74685,49.3599],[22.74317,49.33585],[22.75095,49.3166],[22.7441,49.29883],[22.73963,49.24735],[22.72131,49.24134],[22.71669,49.23579],[22.71489,49.22649],[22.72008,49.22118],[22.72925,49.22123],[22.7366,49.21842],[22.74163,49.21887],[22.74768,49.21562],[22.74045,49.21173],[22.73396,49.21144],[22.73329,49.20937],[22.7348,49.20709],[22.72931,49.20387],[22.72891,49.2006],[22.73091,49.19858],[22.72279,49.19604],[22.71961,49.19142],[22.72021,49.18872],[22.71617,49.18356],[22.70816,49.18091],[22.70726,49.17498],[22.71457,49.17031],[22.7162,49.16529],[22.719,49.16499],[22.7251,49.16856],[22.72403,49.1742],[22.73019,49.17553],[22.73358,49.1799],[22.73272,49.18227],[22.74011,49.18371],[22.74302,49.18277],[22.7471,49.18455],[22.74997,49.18406],[22.75252,49.18134],[22.75617,49.18263],[22.75631,49.18069],[22.74969,49.17656],[22.74909,49.17278],[22.74224,49.16879],[22.74139,49.16464],[22.73818,49.16068],[22.73913,49.15798],[22.74894,49.15642],[22.75118,49.15282],[22.7554,49.154],[22.76045,49.15253],[22.77447,49.15579],[22.77289,49.15239],[22.78471,49.15754],[22.7892,49.15773],[22.79231,49.15479],[22.7888,49.14943],[22.79273,49.1466],[22.79191,49.14512],[22.79387,49.14293],[22.79181,49.14073],[22.7931,49.13829],[22.79996,49.13603],[22.80128,49.13366],[22.80764,49.13271],[22.80736,49.12866],[22.81309,49.13051],[22.8164,49.12977],[22.81588,49.12766],[22.81213,49.12504],[22.81503,49.12334],[22.81889,49.12623],[22.81999,49.12278],[22.83038,49.11844],[22.83048,49.11701],[22.82885,49.11684],[22.82899,49.11289],[22.83127,49.11098],[22.83602,49.11254],[22.83801,49.11199],[22.83624,49.11172],[22.83641,49.11044],[22.84239,49.11026],[22.85071,49.11487],[22.8542,49.11108],[22.86016,49.11231],[22.85483,49.10598],[22.85551,49.10368],[22.86015,49.10253],[22.8627,49.10006],[22.86682,49.10067],[22.86802,49.09884],[22.87037,49.09951],[22.87569,49.09656],[22.87955,49.09862],[22.88073,49.09712],[22.88567,49.09881],[22.88513,49.09642],[22.89017,49.09709],[22.8927,49.09445],[22.88603,49.08595],[22.88058,49.08377],[22.8812,49.08272],[22.88325,49.08428],[22.88386,49.08155],[22.86801,49.07741],[22.86657,49.0747],[22.87187,49.07186],[22.86657,49.06994],[22.8657,49.0689],[22.86713,49.06811],[22.86453,49.06679],[22.86535,49.06508],[22.86735,49.06533],[22.8671,49.06304],[22.86868,49.06242],[22.86622,49.06034],[22.86775,49.05742],[22.86923,49.05768],[22.86826,49.05871],[22.871,49.05849],[22.86994,49.05772],[22.87086,49.05564],[22.87447,49.05582],[22.87428,49.05223],[22.87578,49.05135],[22.87012,49.04718],[22.87118,49.04586],[22.86663,49.03999],[22.8729,49.03858],[22.87363,49.03676],[22.87759,49.03999],[22.88134,49.03837],[22.87426,49.03396],[22.87392,49.03099],[22.87708,49.02905],[22.87959,49.02395],[22.88565,49.02142],[22.88621,49.01955],[22.89375,49.01826],[22.89399,49.01673],[22.88932,49.01412],[22.89159,49.00785],[22.86783,49.00287],[22.84709,49.00239],[22.84398,49.00493],[22.84445,49.01142],[22.83956,49.01984],[22.83375,49.02608],[22.82432,49.02276],[22.81319,49.02514],[22.80971,49.03108],[22.80951,49.03464],[22.80014,49.03664],[22.78622,49.04645],[22.76549,49.05353],[22.76177,49.05211],[22.76009,49.04729],[22.75497,49.04295],[22.75202,49.04279],[22.7487,49.04525],[22.74401,49.04539],[22.73539,49.04903],[22.72748,49.04825],[22.72429,49.05125],[22.71786,49.05278],[22.69911,49.0497],[22.68649,49.03973],[22.68018,49.03938],[22.67126,49.04281],[22.6692,49.04764],[22.65989,49.04711],[22.65157,49.05082],[22.64598,49.05777],[22.63972,49.05972],[22.634,49.06688],[22.63116,49.07576],[22.62567,49.08032],[22.6183,49.08119],[22.61322,49.08414],[22.60503,49.08451],[22.59981,49.0935],[22.58448,49.09731],[22.57942,49.09614],[22.56571,49.088],[22.5656,49.08366],[22.5626,49.08104],[22.55324,49.07948],[22.55131,49.06302],[22.55108,49.03016],[22.5477,49.0252],[22.53799,49.02132],[22.5455,49.00677],[22.53112,49.00288],[22.52082,48.99675],[22.51388,48.99663],[22.50546,48.99992],[22.5005,48.99952],[22.495,48.99839],[22.49034,48.99411],[22.47969,48.99284],[22.47731,48.99118],[22.47561,48.97628],[22.46623,48.97294],[22.42492,48.92933],[22.42629,48.92437],[22.43118,48.92189],[22.43155,48.91925],[22.42481,48.91257],[22.42343,48.90458],[22.42074,48.90348],[22.42258,48.90151],[22.42112,48.8846],[22.39455,48.8772],[22.39437,48.87336],[22.38673,48.86966],[22.38354,48.86504],[22.38128,48.86004],[22.38204,48.85596],[22.37917,48.84109],[22.37995,48.83888],[22.37613,48.83644],[22.37591,48.83403],[22.3837,48.8245],[22.3857,48.81084],[22.385,48.80662],[22.38765,48.80004],[22.37906,48.79463],[22.37337,48.78245],[22.36387,48.77931],[22.35794,48.77301],[22.35019,48.77166],[22.3457,48.76615],[22.34562,48.75713],[22.34267,48.75068],[22.35006,48.7492],[22.35391,48.74323],[22.36223,48.74],[22.36046,48.73855],[22.3618,48.7302],[22.36013,48.72614],[22.35697,48.72565],[22.35069,48.72032],[22.3537,48.71784],[22.34557,48.70589],[22.3457,48.69858],[22.33961,48.68389],[22.32152,48.68228],[22.30255,48.67638],[22.30138,48.67319],[22.29081,48.66932],[22.2893,48.6663],[22.28231,48.6616],[22.26885,48.655],[22.26498,48.65487],[22.26523,48.65322],[22.25542,48.64834],[22.25029,48.6474],[22.24967,48.63947],[22.2405,48.62771],[22.22999,48.62055],[22.2157,48.62127],[22.20848,48.61742],[22.20347,48.61143],[22.19838,48.6094],[22.18903,48.60986],[22.18747,48.60355],[22.18382,48.60239],[22.17138,48.58754],[22.16097,48.56726],[22.15829,48.52704],[22.15558,48.51499],[22.15316,48.51282],[22.15456,48.5098],[22.14056,48.44767],[22.13769,48.43267],[22.14024,48.42851],[22.13789,48.42504],[22.13706,48.4188]]]}}]}